{
  "resourceType" : "Bundle",
  "id" : "8bc19ec4-2581-407d-aa7d-a9ae87a35819",
  "meta" : {
    "lastUpdated" : "2021-05-07T07:08:44.261+00:00"
  },
  "type" : "collection",
  "entry" : [{
    "fullUrl" : "http://aehrc.github.io/genclipr-fhir-ig/ValueSet/BiologicalSexes",
    "resource" : {
      "resourceType" : "ValueSet",
      "id" : "BiologicalSexes",
      "text" : {
        "status" : "generated",
        "div" : "<div xmlns=\"http://www.w3.org/1999/xhtml\"><p>This value set contains 5 concepts</p><p style=\"border: black 1px dotted; background-color: #EEEEEE; padding: 8px; margin-bottom: 8px\">Expansion based on SNOMED CT International edition 31-Jan 2021</p><p>All codes from system <a href=\"http://terminology.hl7.org/2.1.0/CodeSystem-v3-snomed-CT.html\"><code>http://snomed.info/sct</code></a></p><table class=\"codes\"><tr><td style=\"white-space:nowrap\"><b>Code</b></td><td><b>Display</b></td><td><b>Definition</b></td></tr><tr><td style=\"white-space:nowrap\"><a name=\"http---snomed.info-sct-248152002\"> </a><a href=\"http://browser.ihtsdotools.org/?perspective=full&amp;conceptId1=248152002\">248152002</a></td><td>Female</td><td/></tr><tr><td style=\"white-space:nowrap\"><a name=\"http---snomed.info-sct-248153007\"> </a><a href=\"http://browser.ihtsdotools.org/?perspective=full&amp;conceptId1=248153007\">248153007</a></td><td>Male</td><td/></tr><tr><td style=\"white-space:nowrap\"><a name=\"http---snomed.info-sct-32570681000036106\"> </a><a href=\"http://browser.ihtsdotools.org/?perspective=full&amp;conceptId1=32570681000036106\">32570681000036106</a></td><td>Indeterminate sex</td><td/></tr><tr><td style=\"white-space:nowrap\"><a name=\"http---snomed.info-sct-32570691000036108\"> </a><a href=\"http://browser.ihtsdotools.org/?perspective=full&amp;conceptId1=32570691000036108\">32570691000036108</a></td><td>Intersex</td><td/></tr><tr><td style=\"white-space:nowrap\"><a name=\"http---snomed.info-sct-407374003\"> </a><a href=\"http://browser.ihtsdotools.org/?perspective=full&amp;conceptId1=407374003\">407374003</a></td><td>Transsexual</td><td/></tr></table></div>"
      },
      "url" : "http://aehrc.github.io/genclipr-fhir-ig/ValueSet/BiologicalSexes",
      "version" : "0.1.0",
      "name" : "BiologicalSexes",
      "title" : "Biological Sexes Value Set",
      "status" : "active",
      "date" : "2021-05-07T07:08:44+00:00",
      "publisher" : "The Australian e-Health Research Centre",
      "contact" : [{
        "name" : "The Australian e-Health Research Centre",
        "telecom" : [{
          "system" : "url",
          "value" : "https://aehrc.com"
        },
        {
          "system" : "email",
          "value" : "ontoserver-support@csiro.au"
        }]
      }],
      "description" : "SNOMED CT concepts for biological sex.",
      "copyright" : "[Australian Genomics](https://www.australiangenomics.org.au)",
      "expansion" : {
        "identifier" : "urn:uuid:f8eec0f1-aed8-450b-b42a-ba5ea410fbe8",
        "timestamp" : "2021-05-07T07:09:13+00:00",
        "total" : 5,
        "parameter" : [{
          "name" : "excludeNested",
          "valueBoolean" : false
        },
        {
          "name" : "limitedExpansion",
          "valueBoolean" : true
        },
        {
          "name" : "version",
          "valueString" : "http://snomed.info/sct|http://snomed.info/sct/900000000000207008/version/20210131"
        }],
        "contains" : [{
          "system" : "http://snomed.info/sct",
          "code" : "248152002",
          "display" : "Female"
        },
        {
          "system" : "http://snomed.info/sct",
          "code" : "248153007",
          "display" : "Male"
        },
        {
          "system" : "http://snomed.info/sct",
          "code" : "32570681000036106",
          "display" : "Indeterminate sex"
        },
        {
          "system" : "http://snomed.info/sct",
          "code" : "32570691000036108",
          "display" : "Intersex"
        },
        {
          "system" : "http://snomed.info/sct",
          "code" : "407374003",
          "display" : "Transsexual"
        }]
      }
    }
  },
  {
    "fullUrl" : "http://aehrc.github.io/genclipr-fhir-ig/ValueSet/EncounterClasses",
    "resource" : {
      "resourceType" : "ValueSet",
      "id" : "EncounterClasses",
      "text" : {
        "status" : "generated",
        "div" : "<div xmlns=\"http://www.w3.org/1999/xhtml\"><p>This value set contains 12 concepts</p><div style=\"border: black 1px dotted; background-color: #EEEEEE; padding: 8px; margin-bottom: 8px\"><p>Expansion based on: </p><ul><li><a href=\"http://terminology.hl7.org/2.1.0/CodeSystem-v3-ActCode.html\">ActCode v5.0.0 (CodeSystem)</a></li><li><a href=\"CodeSystem-EncounterClass.html\">Encounter Class v0.1.0 (CodeSystem)</a></li><li><a href=\"http://terminology.hl7.org/2.1.0/ValueSet-v3-ActEncounterCode.html\">ActEncounterCode v2.0.0 (ValueSet)</a></li></ul></div><table class=\"codes\"><tr><td style=\"white-space:nowrap\"><b>Code</b></td><td><b>System</b></td><td><b>Display</b></td><td><b>Definition</b></td></tr><tr><td style=\"white-space:nowrap\"><a name=\"http---aehrc.github.io-genclipr-fhir-ig-CodeSystem-EncounterClass-RS\"> </a><a href=\"CodeSystem-EncounterClass.html#EncounterClass-RS\">RS</a></td><td>http://aehrc.github.io/genclipr-fhir-ig/CodeSystem/EncounterClass</td><td>research study</td><td>An encounter that is part of a research study.</td></tr><tr><td style=\"white-space:nowrap\"><a name=\"http---terminology.hl7.org-CodeSystem-v3-ActCode-AMB\"> </a><a href=\"http://terminology.hl7.org/2.1.0/CodeSystem-v3-ActCode.html#v3-ActCode-AMB\">AMB</a></td><td>http://terminology.hl7.org/CodeSystem/v3-ActCode</td><td>ambulatory</td><td>A comprehensive term for health care provided in a healthcare facility (e.g. a practitioneraTMs office, clinic setting, or hospital) on a nonresident basis. The term ambulatory usually implies that the patient has come to the location and is not assigned to a bed. Sometimes referred to as an outpatient encounter.</td></tr><tr><td style=\"white-space:nowrap\"><a name=\"http---terminology.hl7.org-CodeSystem-v3-ActCode-EMER\"> </a><a href=\"http://terminology.hl7.org/2.1.0/CodeSystem-v3-ActCode.html#v3-ActCode-EMER\">EMER</a></td><td>http://terminology.hl7.org/CodeSystem/v3-ActCode</td><td>emergency</td><td>A patient encounter that takes place at a dedicated healthcare service delivery location where the patient receives immediate evaluation and treatment, provided until the patient can be discharged or responsibility for the patient's care is transferred elsewhere (for example, the patient could be admitted as an inpatient or transferred to another facility.)</td></tr><tr><td style=\"white-space:nowrap\"><a name=\"http---terminology.hl7.org-CodeSystem-v3-ActCode-FLD\"> </a><a href=\"http://terminology.hl7.org/2.1.0/CodeSystem-v3-ActCode.html#v3-ActCode-FLD\">FLD</a></td><td>http://terminology.hl7.org/CodeSystem/v3-ActCode</td><td>field</td><td>A patient encounter that takes place both outside a dedicated service delivery location and outside a patient's residence. Example locations might include an accident site and at a supermarket.</td></tr><tr><td style=\"white-space:nowrap\"><a name=\"http---terminology.hl7.org-CodeSystem-v3-ActCode-HH\"> </a><a href=\"http://terminology.hl7.org/2.1.0/CodeSystem-v3-ActCode.html#v3-ActCode-HH\">HH</a></td><td>http://terminology.hl7.org/CodeSystem/v3-ActCode</td><td>home health</td><td>Healthcare encounter that takes place in the residence of the patient or a designee</td></tr><tr><td style=\"white-space:nowrap\"><a name=\"http---terminology.hl7.org-CodeSystem-v3-ActCode-IMP\"> </a><a href=\"http://terminology.hl7.org/2.1.0/CodeSystem-v3-ActCode.html#v3-ActCode-IMP\">IMP</a></td><td>http://terminology.hl7.org/CodeSystem/v3-ActCode</td><td>inpatient encounter</td><td>A patient encounter where a patient is admitted by a hospital or equivalent facility, assigned to a location where patients generally stay at least overnight and provided with room, board, and continuous nursing service.</td></tr><tr><td style=\"white-space:nowrap\"><a name=\"http---terminology.hl7.org-CodeSystem-v3-ActCode-ACUTE\"> </a><a href=\"http://terminology.hl7.org/2.1.0/CodeSystem-v3-ActCode.html#v3-ActCode-ACUTE\">ACUTE</a></td><td>http://terminology.hl7.org/CodeSystem/v3-ActCode</td><td>inpatient acute</td><td>An acute inpatient encounter.</td></tr><tr><td style=\"white-space:nowrap\"><a name=\"http---terminology.hl7.org-CodeSystem-v3-ActCode-NONAC\"> </a><a href=\"http://terminology.hl7.org/2.1.0/CodeSystem-v3-ActCode.html#v3-ActCode-NONAC\">NONAC</a></td><td>http://terminology.hl7.org/CodeSystem/v3-ActCode</td><td>inpatient non-acute</td><td>Any category of inpatient encounter except 'acute'</td></tr><tr><td style=\"white-space:nowrap\"><a name=\"http---terminology.hl7.org-CodeSystem-v3-ActCode-OBSENC\"> </a><a href=\"http://terminology.hl7.org/2.1.0/CodeSystem-v3-ActCode.html#v3-ActCode-OBSENC\">OBSENC</a></td><td>http://terminology.hl7.org/CodeSystem/v3-ActCode</td><td>observation encounter</td><td>An encounter where the patient usually will start in different encounter, such as one in the emergency department (EMER) but then transition to this type of encounter because they require a significant period of treatment and monitoring to determine whether or not their condition warrants an inpatient admission or discharge. In the majority of cases the decision about admission or discharge will occur within a time period determined by local, regional or national regulation, often between 24 and 48 hours.</td></tr><tr><td style=\"white-space:nowrap\"><a name=\"http---terminology.hl7.org-CodeSystem-v3-ActCode-PRENC\"> </a><a href=\"http://terminology.hl7.org/2.1.0/CodeSystem-v3-ActCode.html#v3-ActCode-PRENC\">PRENC</a></td><td>http://terminology.hl7.org/CodeSystem/v3-ActCode</td><td>pre-admission</td><td>A patient encounter where patient is scheduled or planned to receive service delivery in the future, and the patient is given a pre-admission account number. When the patient comes back for subsequent service, the pre-admission encounter is selected and is encapsulated into the service registration, and a new account number is generated.\r\n\r\n*Usage Note:* This is intended to be used in advance of encounter types such as ambulatory, inpatient encounter, virtual, etc.</td></tr><tr><td style=\"white-space:nowrap\"><a name=\"http---terminology.hl7.org-CodeSystem-v3-ActCode-SS\"> </a><a href=\"http://terminology.hl7.org/2.1.0/CodeSystem-v3-ActCode.html#v3-ActCode-SS\">SS</a></td><td>http://terminology.hl7.org/CodeSystem/v3-ActCode</td><td>short stay</td><td>An encounter where the patient is admitted to a health care facility for a predetermined length of time, usually less than 24 hours.</td></tr><tr><td style=\"white-space:nowrap\"><a name=\"http---terminology.hl7.org-CodeSystem-v3-ActCode-VR\"> </a><a href=\"http://terminology.hl7.org/2.1.0/CodeSystem-v3-ActCode.html#v3-ActCode-VR\">VR</a></td><td>http://terminology.hl7.org/CodeSystem/v3-ActCode</td><td>virtual</td><td>A patient encounter where the patient and the practitioner(s) are not in the same physical location. Examples include telephone conference, email exchange, robotic surgery, and televideo conference.</td></tr></table></div>"
      },
      "url" : "http://aehrc.github.io/genclipr-fhir-ig/ValueSet/EncounterClasses",
      "version" : "0.1.0",
      "name" : "EncounterClasses",
      "title" : "Encounter Class Value Set",
      "status" : "active",
      "date" : "2021-05-07T07:08:44+00:00",
      "publisher" : "The Australian e-Health Research Centre",
      "contact" : [{
        "name" : "The Australian e-Health Research Centre",
        "telecom" : [{
          "system" : "url",
          "value" : "https://aehrc.com"
        },
        {
          "system" : "email",
          "value" : "ontoserver-support@csiro.au"
        }]
      }],
      "description" : "Classes of encounters captured in a genomics clinical picture FHIR repository.",
      "copyright" : "[Australian Genomics](https://www.australiangenomics.org.au)",
      "expansion" : {
        "identifier" : "urn:uuid:2fd1fd51-f914-4412-8f81-30628781fe13",
        "timestamp" : "2021-05-07T07:09:14+00:00",
        "total" : 12,
        "parameter" : [{
          "name" : "excludeNested",
          "valueBoolean" : false
        },
        {
          "name" : "version",
          "valueUri" : "http://aehrc.github.io/genclipr-fhir-ig/CodeSystem/EncounterClass|0.1.0"
        },
        {
          "name" : "version",
          "valueUri" : "http://terminology.hl7.org/ValueSet/v3-ActEncounterCode|2.0.0"
        },
        {
          "name" : "version",
          "valueUri" : "http://terminology.hl7.org/CodeSystem/v3-ActCode|5.0.0"
        }],
        "contains" : [{
          "system" : "http://aehrc.github.io/genclipr-fhir-ig/CodeSystem/EncounterClass",
          "code" : "RS",
          "display" : "research study"
        },
        {
          "system" : "http://terminology.hl7.org/CodeSystem/v3-ActCode",
          "abstract" : false,
          "inactive" : false,
          "code" : "AMB",
          "display" : "ambulatory"
        },
        {
          "system" : "http://terminology.hl7.org/CodeSystem/v3-ActCode",
          "abstract" : false,
          "inactive" : false,
          "code" : "EMER",
          "display" : "emergency"
        },
        {
          "system" : "http://terminology.hl7.org/CodeSystem/v3-ActCode",
          "abstract" : false,
          "inactive" : false,
          "code" : "FLD",
          "display" : "field"
        },
        {
          "system" : "http://terminology.hl7.org/CodeSystem/v3-ActCode",
          "abstract" : false,
          "inactive" : false,
          "code" : "HH",
          "display" : "home health"
        },
        {
          "system" : "http://terminology.hl7.org/CodeSystem/v3-ActCode",
          "abstract" : false,
          "inactive" : false,
          "code" : "IMP",
          "display" : "inpatient encounter"
        },
        {
          "system" : "http://terminology.hl7.org/CodeSystem/v3-ActCode",
          "abstract" : false,
          "inactive" : false,
          "code" : "ACUTE",
          "display" : "inpatient acute"
        },
        {
          "system" : "http://terminology.hl7.org/CodeSystem/v3-ActCode",
          "abstract" : false,
          "inactive" : false,
          "code" : "NONAC",
          "display" : "inpatient non-acute"
        },
        {
          "system" : "http://terminology.hl7.org/CodeSystem/v3-ActCode",
          "abstract" : false,
          "inactive" : false,
          "code" : "OBSENC",
          "display" : "observation encounter"
        },
        {
          "system" : "http://terminology.hl7.org/CodeSystem/v3-ActCode",
          "abstract" : false,
          "inactive" : false,
          "code" : "PRENC",
          "display" : "pre-admission"
        },
        {
          "system" : "http://terminology.hl7.org/CodeSystem/v3-ActCode",
          "abstract" : false,
          "inactive" : false,
          "code" : "SS",
          "display" : "short stay"
        },
        {
          "system" : "http://terminology.hl7.org/CodeSystem/v3-ActCode",
          "abstract" : false,
          "inactive" : false,
          "code" : "VR",
          "display" : "virtual"
        }]
      }
    }
  },
  {
    "fullUrl" : "http://aehrc.github.io/genclipr-fhir-ig/ValueSet/EncounterTypes",
    "resource" : {
      "resourceType" : "ValueSet",
      "id" : "EncounterTypes",
      "text" : {
        "status" : "generated",
        "div" : "<div xmlns=\"http://www.w3.org/1999/xhtml\"><p>This value set contains 7 concepts</p><div style=\"border: black 1px dotted; background-color: #EEEEEE; padding: 8px; margin-bottom: 8px\"><p>Expansion based on: </p><ul><li><a href=\"CodeSystem-EncounterType.html\">Encounter Type v0.1.0 (CodeSystem)</a></li><li><a href=\"http://terminology.hl7.org/2.1.0/CodeSystem-encounter-type.html\">Encounter type v0.1.0 (CodeSystem)</a></li><li><a href=\"http://hl7.org/fhir/R4/valueset-encounter-type.html\">Encounter type v4.0.1 (ValueSet)</a></li></ul></div><table class=\"codes\"><tr><td style=\"white-space:nowrap\"><b>Code</b></td><td><b>System</b></td><td><b>Display</b></td><td><b>Definition</b></td></tr><tr><td style=\"white-space:nowrap\"><a name=\"http---aehrc.github.io-genclipr-fhir-ig-CodeSystem-EncounterType-REF\"> </a><a href=\"CodeSystem-EncounterType.html#EncounterType-REF\">REF</a></td><td>http://aehrc.github.io/genclipr-fhir-ig/CodeSystem/EncounterType</td><td>referral</td><td>An initial encounter done by a specialist after referral.</td></tr><tr><td style=\"white-space:nowrap\"><a name=\"http---aehrc.github.io-genclipr-fhir-ig-CodeSystem-EncounterType-PRI\"> </a><a href=\"CodeSystem-EncounterType.html#EncounterType-PRI\">PRI</a></td><td>http://aehrc.github.io/genclipr-fhir-ig/CodeSystem/EncounterType</td><td>pre-investigation</td><td>An encounter done before genomic testing results are available.</td></tr><tr><td style=\"white-space:nowrap\"><a name=\"http---aehrc.github.io-genclipr-fhir-ig-CodeSystem-EncounterType-PTI\"> </a><a href=\"CodeSystem-EncounterType.html#EncounterType-PTI\">PTI</a></td><td>http://aehrc.github.io/genclipr-fhir-ig/CodeSystem/EncounterType</td><td>post-investigation</td><td>An encounter done after genomic testing results are available.</td></tr><tr><td style=\"white-space:nowrap\"><a name=\"http---terminology.hl7.org-CodeSystem-encounter-type-ADMS\"> </a><a href=\"http://terminology.hl7.org/2.1.0/CodeSystem-encounter-type.html#encounter-type-ADMS\">ADMS</a></td><td>http://terminology.hl7.org/CodeSystem/encounter-type</td><td>Annual diabetes mellitus screening</td><td/></tr><tr><td style=\"white-space:nowrap\"><a name=\"http---terminology.hl7.org-CodeSystem-encounter-type-BD-BM-clin\"> </a><a href=\"http://terminology.hl7.org/2.1.0/CodeSystem-encounter-type.html#encounter-type-BD.47BM-clin\">BD/BM-clin</a></td><td>http://terminology.hl7.org/CodeSystem/encounter-type</td><td>Bone drilling/bone marrow punction in clinic</td><td/></tr><tr><td style=\"white-space:nowrap\"><a name=\"http---terminology.hl7.org-CodeSystem-encounter-type-CCS60\"> </a><a href=\"http://terminology.hl7.org/2.1.0/CodeSystem-encounter-type.html#encounter-type-CCS60\">CCS60</a></td><td>http://terminology.hl7.org/CodeSystem/encounter-type</td><td>Infant colon screening - 60 minutes</td><td/></tr><tr><td style=\"white-space:nowrap\"><a name=\"http---terminology.hl7.org-CodeSystem-encounter-type-OKI\"> </a><a href=\"http://terminology.hl7.org/2.1.0/CodeSystem-encounter-type.html#encounter-type-OKI\">OKI</a></td><td>http://terminology.hl7.org/CodeSystem/encounter-type</td><td>Outpatient Kenacort injection</td><td/></tr></table></div>"
      },
      "url" : "http://aehrc.github.io/genclipr-fhir-ig/ValueSet/EncounterTypes",
      "version" : "0.1.0",
      "name" : "EncounterTypes",
      "title" : "Encounter Type Value Set",
      "status" : "active",
      "date" : "2021-05-07T07:08:44+00:00",
      "publisher" : "The Australian e-Health Research Centre",
      "contact" : [{
        "name" : "The Australian e-Health Research Centre",
        "telecom" : [{
          "system" : "url",
          "value" : "https://aehrc.com"
        },
        {
          "system" : "email",
          "value" : "ontoserver-support@csiro.au"
        }]
      }],
      "description" : "Types of encounters captured in a genomics clinical picture FHIR repository.",
      "copyright" : "[Australian Genomics](https://www.australiangenomics.org.au)",
      "expansion" : {
        "identifier" : "urn:uuid:5128bf49-5eec-4c1c-b210-1f553572224a",
        "timestamp" : "2021-05-07T07:09:14+00:00",
        "total" : 7,
        "parameter" : [{
          "name" : "excludeNested",
          "valueBoolean" : false
        },
        {
          "name" : "version",
          "valueUri" : "http://aehrc.github.io/genclipr-fhir-ig/CodeSystem/EncounterType|0.1.0"
        },
        {
          "name" : "version",
          "valueUri" : "http://hl7.org/fhir/ValueSet/encounter-type|4.0.1"
        },
        {
          "name" : "version",
          "valueUri" : "http://terminology.hl7.org/CodeSystem/encounter-type|0.1.0"
        }],
        "contains" : [{
          "system" : "http://aehrc.github.io/genclipr-fhir-ig/CodeSystem/EncounterType",
          "code" : "REF",
          "display" : "referral"
        },
        {
          "system" : "http://aehrc.github.io/genclipr-fhir-ig/CodeSystem/EncounterType",
          "code" : "PRI",
          "display" : "pre-investigation"
        },
        {
          "system" : "http://aehrc.github.io/genclipr-fhir-ig/CodeSystem/EncounterType",
          "code" : "PTI",
          "display" : "post-investigation"
        },
        {
          "system" : "http://terminology.hl7.org/CodeSystem/encounter-type",
          "abstract" : false,
          "inactive" : false,
          "code" : "ADMS",
          "display" : "Annual diabetes mellitus screening"
        },
        {
          "system" : "http://terminology.hl7.org/CodeSystem/encounter-type",
          "abstract" : false,
          "inactive" : false,
          "code" : "BD/BM-clin",
          "display" : "Bone drilling/bone marrow punction in clinic"
        },
        {
          "system" : "http://terminology.hl7.org/CodeSystem/encounter-type",
          "abstract" : false,
          "inactive" : false,
          "code" : "CCS60",
          "display" : "Infant colon screening - 60 minutes"
        },
        {
          "system" : "http://terminology.hl7.org/CodeSystem/encounter-type",
          "abstract" : false,
          "inactive" : false,
          "code" : "OKI",
          "display" : "Outpatient Kenacort injection"
        }]
      }
    }
  },
  {
    "fullUrl" : "http://aehrc.github.io/genclipr-fhir-ig/ValueSet/Lateralities",
    "resource" : {
      "resourceType" : "ValueSet",
      "id" : "Lateralities",
      "text" : {
        "status" : "generated",
        "div" : "<div xmlns=\"http://www.w3.org/1999/xhtml\"><p>This value set contains 4 concepts</p><p style=\"border: black 1px dotted; background-color: #EEEEEE; padding: 8px; margin-bottom: 8px\">Expansion based on SNOMED CT International edition 31-Jan 2021</p><p>All codes from system <a href=\"http://terminology.hl7.org/2.1.0/CodeSystem-v3-snomed-CT.html\"><code>http://snomed.info/sct</code></a></p><table class=\"codes\"><tr><td style=\"white-space:nowrap\"><b>Code</b></td><td><b>Display</b></td><td><b>Definition</b></td></tr><tr><td style=\"white-space:nowrap\"><a name=\"http---snomed.info-sct-24028007\"> </a><a href=\"http://browser.ihtsdotools.org/?perspective=full&amp;conceptId1=24028007\">24028007</a></td><td>Right</td><td/></tr><tr><td style=\"white-space:nowrap\"><a name=\"http---snomed.info-sct-7771000\"> </a><a href=\"http://browser.ihtsdotools.org/?perspective=full&amp;conceptId1=7771000\">7771000</a></td><td>Left</td><td/></tr><tr><td style=\"white-space:nowrap\"><a name=\"http---snomed.info-sct-66459002\"> </a><a href=\"http://browser.ihtsdotools.org/?perspective=full&amp;conceptId1=66459002\">66459002</a></td><td>Unilateral</td><td/></tr><tr><td style=\"white-space:nowrap\"><a name=\"http---snomed.info-sct-51440002\"> </a><a href=\"http://browser.ihtsdotools.org/?perspective=full&amp;conceptId1=51440002\">51440002</a></td><td>Right and left</td><td/></tr></table></div>"
      },
      "url" : "http://aehrc.github.io/genclipr-fhir-ig/ValueSet/Lateralities",
      "version" : "0.1.0",
      "name" : "Lateralities",
      "title" : "Lateralities Value Set",
      "status" : "active",
      "date" : "2021-05-07T07:08:44+00:00",
      "publisher" : "The Australian e-Health Research Centre",
      "contact" : [{
        "name" : "The Australian e-Health Research Centre",
        "telecom" : [{
          "system" : "url",
          "value" : "https://aehrc.com"
        },
        {
          "system" : "email",
          "value" : "ontoserver-support@csiro.au"
        }]
      }],
      "description" : "Codes used to describe the laterality of a body structure.",
      "copyright" : "[Australian Genomics](https://www.australiangenomics.org.au)",
      "expansion" : {
        "identifier" : "urn:uuid:f9907208-3e56-421d-93c0-67251a067123",
        "timestamp" : "2021-05-07T07:09:14+00:00",
        "total" : 4,
        "parameter" : [{
          "name" : "excludeNested",
          "valueBoolean" : false
        },
        {
          "name" : "limitedExpansion",
          "valueBoolean" : true
        },
        {
          "name" : "version",
          "valueString" : "http://snomed.info/sct|http://snomed.info/sct/900000000000207008/version/20210131"
        }],
        "contains" : [{
          "system" : "http://snomed.info/sct",
          "code" : "24028007",
          "display" : "Right"
        },
        {
          "system" : "http://snomed.info/sct",
          "code" : "7771000",
          "display" : "Left"
        },
        {
          "system" : "http://snomed.info/sct",
          "code" : "66459002",
          "display" : "Unilateral"
        },
        {
          "system" : "http://snomed.info/sct",
          "code" : "51440002",
          "display" : "Right and left"
        }]
      }
    }
  },
  {
    "fullUrl" : "http://aehrc.github.io/genclipr-fhir-ig/ValueSet/PresenceValues",
    "resource" : {
      "resourceType" : "ValueSet",
      "id" : "PresenceValues",
      "text" : {
        "status" : "generated",
        "div" : "<div xmlns=\"http://www.w3.org/1999/xhtml\"><p>This value set contains 4 concepts</p><p style=\"border: black 1px dotted; background-color: #EEEEEE; padding: 8px; margin-bottom: 8px\">Expansion based on SNOMED CT International edition 31-Jan 2021</p><p>All codes from system <a href=\"http://terminology.hl7.org/2.1.0/CodeSystem-v3-snomed-CT.html\"><code>http://snomed.info/sct</code></a></p><table class=\"codes\"><tr><td style=\"white-space:nowrap\"><b>Code</b></td><td><b>Display</b></td><td><b>Definition</b></td></tr><tr><td style=\"white-space:nowrap\"><a name=\"http---snomed.info-sct-52101004\"> </a><a href=\"http://browser.ihtsdotools.org/?perspective=full&amp;conceptId1=52101004\">52101004</a></td><td>Present</td><td/></tr><tr><td style=\"white-space:nowrap\"><a name=\"http---snomed.info-sct-2667000\"> </a><a href=\"http://browser.ihtsdotools.org/?perspective=full&amp;conceptId1=2667000\">2667000</a></td><td>Absent</td><td/></tr><tr><td style=\"white-space:nowrap\"><a name=\"http---snomed.info-sct-385660001\"> </a><a href=\"http://browser.ihtsdotools.org/?perspective=full&amp;conceptId1=385660001\">385660001</a></td><td>Not done</td><td/></tr><tr><td style=\"white-space:nowrap\"><a name=\"http---snomed.info-sct-373068000\"> </a><a href=\"http://browser.ihtsdotools.org/?perspective=full&amp;conceptId1=373068000\">373068000</a></td><td>Undetermined</td><td/></tr></table></div>"
      },
      "url" : "http://aehrc.github.io/genclipr-fhir-ig/ValueSet/PresenceValues",
      "version" : "0.1.0",
      "name" : "PresenceValues",
      "title" : "Presence Value Set",
      "status" : "active",
      "date" : "2021-05-07T07:08:44+00:00",
      "publisher" : "The Australian e-Health Research Centre",
      "contact" : [{
        "name" : "The Australian e-Health Research Centre",
        "telecom" : [{
          "system" : "url",
          "value" : "https://aehrc.com"
        },
        {
          "system" : "email",
          "value" : "ontoserver-support@csiro.au"
        }]
      }],
      "description" : "Presence / absence values from SNOMED CT.",
      "copyright" : "[Australian Genomics](https://www.australiangenomics.org.au)",
      "expansion" : {
        "identifier" : "urn:uuid:e9c0bac0-1525-402c-94e9-356dd80932a7",
        "timestamp" : "2021-05-07T07:09:14+00:00",
        "total" : 4,
        "parameter" : [{
          "name" : "excludeNested",
          "valueBoolean" : false
        },
        {
          "name" : "limitedExpansion",
          "valueBoolean" : true
        },
        {
          "name" : "version",
          "valueString" : "http://snomed.info/sct|http://snomed.info/sct/900000000000207008/version/20210131"
        }],
        "contains" : [{
          "system" : "http://snomed.info/sct",
          "code" : "52101004",
          "display" : "Present"
        },
        {
          "system" : "http://snomed.info/sct",
          "code" : "2667000",
          "display" : "Absent"
        },
        {
          "system" : "http://snomed.info/sct",
          "code" : "385660001",
          "display" : "Not done"
        },
        {
          "system" : "http://snomed.info/sct",
          "code" : "373068000",
          "display" : "Undetermined"
        }]
      }
    }
  },
  {
    "fullUrl" : "http://aehrc.github.io/genclipr-fhir-ig/ValueSet/Severities",
    "resource" : {
      "resourceType" : "ValueSet",
      "id" : "Severities",
      "text" : {
        "status" : "generated",
        "div" : "<div xmlns=\"http://www.w3.org/1999/xhtml\"><p>This value set contains 7 concepts</p><p style=\"border: black 1px dotted; background-color: #EEEEEE; padding: 8px; margin-bottom: 8px\">Expansion based on SNOMED CT International edition 31-Jan 2021</p><p>All codes from system <a href=\"http://terminology.hl7.org/2.1.0/CodeSystem-v3-snomed-CT.html\"><code>http://snomed.info/sct</code></a></p><table class=\"codes\"><tr><td style=\"white-space:nowrap\"><b>Code</b></td><td><b>Display</b></td><td><b>Definition</b></td></tr><tr><td style=\"white-space:nowrap\"><a name=\"http---snomed.info-sct-6736007\"> </a><a href=\"http://browser.ihtsdotools.org/?perspective=full&amp;conceptId1=6736007\">6736007</a></td><td>Moderate</td><td/></tr><tr><td style=\"white-space:nowrap\"><a name=\"http---snomed.info-sct-24484000\"> </a><a href=\"http://browser.ihtsdotools.org/?perspective=full&amp;conceptId1=24484000\">24484000</a></td><td>Severe</td><td/></tr><tr><td style=\"white-space:nowrap\"><a name=\"http---snomed.info-sct-255604002\"> </a><a href=\"http://browser.ihtsdotools.org/?perspective=full&amp;conceptId1=255604002\">255604002</a></td><td>Mild</td><td/></tr><tr><td style=\"white-space:nowrap\"><a name=\"http---snomed.info-sct-371923003\"> </a><a href=\"http://browser.ihtsdotools.org/?perspective=full&amp;conceptId1=371923003\">371923003</a></td><td>Mild to moderate</td><td/></tr><tr><td style=\"white-space:nowrap\"><a name=\"http---snomed.info-sct-371924009\"> </a><a href=\"http://browser.ihtsdotools.org/?perspective=full&amp;conceptId1=371924009\">371924009</a></td><td>Moderate to severe</td><td/></tr><tr><td style=\"white-space:nowrap\"><a name=\"http---snomed.info-sct-399166001\"> </a><a href=\"http://browser.ihtsdotools.org/?perspective=full&amp;conceptId1=399166001\">399166001</a></td><td>Fatal</td><td/></tr><tr><td style=\"white-space:nowrap\"><a name=\"http---snomed.info-sct-442452003\"> </a><a href=\"http://browser.ihtsdotools.org/?perspective=full&amp;conceptId1=442452003\">442452003</a></td><td>Life threatening severity</td><td/></tr></table></div>"
      },
      "url" : "http://aehrc.github.io/genclipr-fhir-ig/ValueSet/Severities",
      "version" : "0.1.0",
      "name" : "Severities",
      "title" : "Severity Value Set",
      "status" : "active",
      "date" : "2021-05-07T07:08:44+00:00",
      "publisher" : "The Australian e-Health Research Centre",
      "contact" : [{
        "name" : "The Australian e-Health Research Centre",
        "telecom" : [{
          "system" : "url",
          "value" : "https://aehrc.com"
        },
        {
          "system" : "email",
          "value" : "ontoserver-support@csiro.au"
        }]
      }],
      "description" : "Codes used to describe the severity of a finding.",
      "copyright" : "[Australian Genomics](https://www.australiangenomics.org.au)",
      "expansion" : {
        "extension" : [{
          "url" : "http://hl7.org/fhir/StructureDefinition/valueset-unclosed",
          "valueBoolean" : true
        }],
        "identifier" : "urn:uuid:0e5bc1ae-e0eb-42a2-a9a6-f37fec216b7d",
        "timestamp" : "2021-05-07T07:09:15+00:00",
        "total" : 7,
        "parameter" : [{
          "name" : "excludeNested",
          "valueBoolean" : false
        },
        {
          "name" : "limitedExpansion",
          "valueBoolean" : true
        },
        {
          "name" : "version",
          "valueString" : "http://snomed.info/sct|http://snomed.info/sct/900000000000207008/version/20210131"
        }],
        "contains" : [{
          "system" : "http://snomed.info/sct",
          "code" : "6736007",
          "display" : "Moderate"
        },
        {
          "system" : "http://snomed.info/sct",
          "code" : "24484000",
          "display" : "Severe"
        },
        {
          "system" : "http://snomed.info/sct",
          "code" : "255604002",
          "display" : "Mild"
        },
        {
          "system" : "http://snomed.info/sct",
          "code" : "371923003",
          "display" : "Mild to moderate"
        },
        {
          "system" : "http://snomed.info/sct",
          "code" : "371924009",
          "display" : "Moderate to severe"
        },
        {
          "system" : "http://snomed.info/sct",
          "code" : "399166001",
          "display" : "Fatal"
        },
        {
          "system" : "http://snomed.info/sct",
          "code" : "442452003",
          "display" : "Life threatening severity"
        }]
      }
    }
  },
  {
    "fullUrl" : "http://aehrc.github.io/genclipr-fhir-ig/ValueSet/TestInterpretationValues",
    "resource" : {
      "resourceType" : "ValueSet",
      "id" : "TestInterpretationValues",
      "text" : {
        "status" : "generated",
        "div" : "<div xmlns=\"http://www.w3.org/1999/xhtml\"><p>This value set contains 4 concepts</p><p style=\"border: black 1px dotted; background-color: #EEEEEE; padding: 8px; margin-bottom: 8px\">Expansion based on SNOMED CT International edition 31-Jan 2021</p><p>All codes from system <a href=\"http://terminology.hl7.org/2.1.0/CodeSystem-v3-snomed-CT.html\"><code>http://snomed.info/sct</code></a></p><table class=\"codes\"><tr><td style=\"white-space:nowrap\"><b>Code</b></td><td><b>Display</b></td><td><b>Definition</b></td></tr><tr><td style=\"white-space:nowrap\"><a name=\"http---snomed.info-sct-62482003\"> </a><a href=\"http://browser.ihtsdotools.org/?perspective=full&amp;conceptId1=62482003\">62482003</a></td><td>Low</td><td/></tr><tr><td style=\"white-space:nowrap\"><a name=\"http---snomed.info-sct-11896004\"> </a><a href=\"http://browser.ihtsdotools.org/?perspective=full&amp;conceptId1=11896004\">11896004</a></td><td>Intermediate</td><td/></tr><tr><td style=\"white-space:nowrap\"><a name=\"http---snomed.info-sct-17621005\"> </a><a href=\"http://browser.ihtsdotools.org/?perspective=full&amp;conceptId1=17621005\">17621005</a></td><td>Normal</td><td/></tr><tr><td style=\"white-space:nowrap\"><a name=\"http---snomed.info-sct-75540009\"> </a><a href=\"http://browser.ihtsdotools.org/?perspective=full&amp;conceptId1=75540009\">75540009</a></td><td>High</td><td/></tr></table></div>"
      },
      "url" : "http://aehrc.github.io/genclipr-fhir-ig/ValueSet/TestInterpretationValues",
      "version" : "0.1.0",
      "name" : "TestInterpretationValues",
      "title" : "Test Interpretation Value Set",
      "status" : "active",
      "date" : "2021-05-07T07:08:44+00:00",
      "publisher" : "The Australian e-Health Research Centre",
      "contact" : [{
        "name" : "The Australian e-Health Research Centre",
        "telecom" : [{
          "system" : "url",
          "value" : "https://aehrc.com"
        },
        {
          "system" : "email",
          "value" : "ontoserver-support@csiro.au"
        }]
      }],
      "description" : "Test interpretation values from SNOMED CT.",
      "copyright" : "[Australian Genomics](https://www.australiangenomics.org.au)",
      "expansion" : {
        "identifier" : "urn:uuid:8f2ce1dd-984d-4108-9272-a26e45bb4913",
        "timestamp" : "2021-05-07T07:09:15+00:00",
        "total" : 4,
        "parameter" : [{
          "name" : "excludeNested",
          "valueBoolean" : false
        },
        {
          "name" : "limitedExpansion",
          "valueBoolean" : true
        },
        {
          "name" : "version",
          "valueString" : "http://snomed.info/sct|http://snomed.info/sct/900000000000207008/version/20210131"
        }],
        "contains" : [{
          "system" : "http://snomed.info/sct",
          "code" : "62482003",
          "display" : "Low"
        },
        {
          "system" : "http://snomed.info/sct",
          "code" : "11896004",
          "display" : "Intermediate"
        },
        {
          "system" : "http://snomed.info/sct",
          "code" : "17621005",
          "display" : "Normal"
        },
        {
          "system" : "http://snomed.info/sct",
          "code" : "75540009",
          "display" : "High"
        }]
      }
    }
  }]
}