{"resourceType":"ValueSet","id":"SeverityCodes","text":{"status":"generated","div":"<div xmlns=\"http://www.w3.org/1999/xhtml\"><ul><li>Include codes from <a href=\"http://www.snomed.org/\"><code>http://snomed.info/sct</code></a> where concept  descends from  272141005 (Severities)</li></ul></div>"},"url":"http://aehrc.github.io/genclipr-fhir-ig/ValueSet/SeverityCodes","version":"0.1.0","name":"SeverityCodes","title":"Severity Value Set","status":"active","date":"2021-04-09T13:48:22+10:00","publisher":"The Australian e-Health Research Centre","contact":[{"name":"The Australian e-Health Research Centre","telecom":[{"system":"url","value":"https://aehrc.com"},{"system":"email","value":"ontoserver-support@csiro.au"}]}],"description":"Codes used to describe the severity of a finding.","copyright":"[Australian Genomics](https://www.australiangenomics.org.au)","compose":{"include":[{"system":"http://snomed.info/sct","filter":[{"property":"concept","op":"descendent-of","value":"272141005"}]}]}}