<?xml version="1.0" encoding="UTF-8"?>

<Bundle xmlns="http://hl7.org/fhir">
  <id value="bdd858d1-f0de-42f6-a581-90dc8ea2b9d4"/>
  <meta>
    <lastUpdated value="2021-05-07T07:08:14.006+00:00"/>
  </meta>
  <type value="collection"/>
  <entry>
    <fullUrl value="http://aehrc.github.io/genclipr-fhir-ig/ValueSet/BiologicalSexes"/>
    <resource>
      <ValueSet>
        <id value="BiologicalSexes"/>
        <text>
          <status value="generated"/>
          <div xmlns="http://www.w3.org/1999/xhtml">
            <p>This value set contains 5 concepts</p>
            <p style="border: black 1px dotted; background-color: #EEEEEE; padding: 8px; margin-bottom: 8px">Expansion based on SNOMED CT International edition 31-Jan 2021</p>
            <p>All codes from system 
              <a href="http://terminology.hl7.org/2.1.0/CodeSystem-v3-snomed-CT.html">
                <code>http://snomed.info/sct</code>
              </a>
            </p>
            <table class="codes">
              <tr>
                <td style="white-space:nowrap">
                  <b>Code</b>
                </td>
                <td>
                  <b>Display</b>
                </td>
                <td>
                  <b>Definition</b>
                </td>
              </tr>
              <tr>
                <td style="white-space:nowrap">
                  <a name="http---snomed.info-sct-248152002"> </a>
                  <a href="http://browser.ihtsdotools.org/?perspective=full&amp;conceptId1=248152002">248152002</a>
                </td>
                <td>Female</td>
                <td/>
              </tr>
              <tr>
                <td style="white-space:nowrap">
                  <a name="http---snomed.info-sct-248153007"> </a>
                  <a href="http://browser.ihtsdotools.org/?perspective=full&amp;conceptId1=248153007">248153007</a>
                </td>
                <td>Male</td>
                <td/>
              </tr>
              <tr>
                <td style="white-space:nowrap">
                  <a name="http---snomed.info-sct-32570681000036106"> </a>
                  <a href="http://browser.ihtsdotools.org/?perspective=full&amp;conceptId1=32570681000036106">32570681000036106</a>
                </td>
                <td>Indeterminate sex</td>
                <td/>
              </tr>
              <tr>
                <td style="white-space:nowrap">
                  <a name="http---snomed.info-sct-32570691000036108"> </a>
                  <a href="http://browser.ihtsdotools.org/?perspective=full&amp;conceptId1=32570691000036108">32570691000036108</a>
                </td>
                <td>Intersex</td>
                <td/>
              </tr>
              <tr>
                <td style="white-space:nowrap">
                  <a name="http---snomed.info-sct-407374003"> </a>
                  <a href="http://browser.ihtsdotools.org/?perspective=full&amp;conceptId1=407374003">407374003</a>
                </td>
                <td>Transsexual</td>
                <td/>
              </tr>
            </table>
          </div>
        </text>
        <url value="http://aehrc.github.io/genclipr-fhir-ig/ValueSet/BiologicalSexes"/>
        <version value="0.1.0"/>
        <name value="BiologicalSexes"/>
        <title value="Biological Sexes Value Set"/>
        <status value="active"/>
        <date value="2021-05-07T07:08:14+00:00"/>
        <publisher value="The Australian e-Health Research Centre"/>
        <contact>
          <name value="The Australian e-Health Research Centre"/>
          <telecom>
            <system value="url"/>
            <value value="https://aehrc.com"/>
          </telecom>
          <telecom>
            <system value="email"/>
            <value value="ontoserver-support@csiro.au"/>
          </telecom>
        </contact>
        <description value="SNOMED CT concepts for biological sex."/>
        <copyright value="[Australian Genomics](https://www.australiangenomics.org.au)"/>
        <expansion>
          <identifier value="urn:uuid:59658959-a16d-49c0-9831-4d78f8f96c25"/>
          <timestamp value="2021-05-07T07:08:47+00:00"/>
          <total value="5"/>
          <parameter>
            <name value="excludeNested"/>
            <valueBoolean value="false"/>
          </parameter>
          <parameter>
            <name value="limitedExpansion"/>
            <valueBoolean value="true"/>
          </parameter>
          <parameter>
            <name value="version"/>
            <valueString value="http://snomed.info/sct|http://snomed.info/sct/900000000000207008/version/20210131"/>
          </parameter>
          <contains>
            <system value="http://snomed.info/sct"/>
            <code value="248152002"/>
            <display value="Female"/>
          </contains>
          <contains>
            <system value="http://snomed.info/sct"/>
            <code value="248153007"/>
            <display value="Male"/>
          </contains>
          <contains>
            <system value="http://snomed.info/sct"/>
            <code value="32570681000036106"/>
            <display value="Indeterminate sex"/>
          </contains>
          <contains>
            <system value="http://snomed.info/sct"/>
            <code value="32570691000036108"/>
            <display value="Intersex"/>
          </contains>
          <contains>
            <system value="http://snomed.info/sct"/>
            <code value="407374003"/>
            <display value="Transsexual"/>
          </contains>
        </expansion>
      </ValueSet>
    </resource>
  </entry>
  <entry>
    <fullUrl value="http://aehrc.github.io/genclipr-fhir-ig/ValueSet/EncounterClasses"/>
    <resource>
      <ValueSet>
        <id value="EncounterClasses"/>
        <text>
          <status value="generated"/>
          <div xmlns="http://www.w3.org/1999/xhtml">
            <p>This value set contains 12 concepts</p>
            <div style="border: black 1px dotted; background-color: #EEEEEE; padding: 8px; margin-bottom: 8px">
              <p>Expansion based on: </p>
              <ul>
                <li>
                  <a href="http://terminology.hl7.org/2.1.0/CodeSystem-v3-ActCode.html">ActCode v5.0.0 (CodeSystem)</a>
                </li>
                <li>
                  <a href="CodeSystem-EncounterClass.html">Encounter Class v0.1.0 (CodeSystem)</a>
                </li>
                <li>
                  <a href="http://terminology.hl7.org/2.1.0/ValueSet-v3-ActEncounterCode.html">ActEncounterCode v2.0.0 (ValueSet)</a>
                </li>
              </ul>
            </div>
            <table class="codes">
              <tr>
                <td style="white-space:nowrap">
                  <b>Code</b>
                </td>
                <td>
                  <b>System</b>
                </td>
                <td>
                  <b>Display</b>
                </td>
                <td>
                  <b>Definition</b>
                </td>
              </tr>
              <tr>
                <td style="white-space:nowrap">
                  <a name="http---aehrc.github.io-genclipr-fhir-ig-CodeSystem-EncounterClass-RS"> </a>
                  <a href="CodeSystem-EncounterClass.html#EncounterClass-RS">RS</a>
                </td>
                <td>http://aehrc.github.io/genclipr-fhir-ig/CodeSystem/EncounterClass</td>
                <td>research study</td>
                <td>An encounter that is part of a research study.</td>
              </tr>
              <tr>
                <td style="white-space:nowrap">
                  <a name="http---terminology.hl7.org-CodeSystem-v3-ActCode-AMB"> </a>
                  <a href="http://terminology.hl7.org/2.1.0/CodeSystem-v3-ActCode.html#v3-ActCode-AMB">AMB</a>
                </td>
                <td>http://terminology.hl7.org/CodeSystem/v3-ActCode</td>
                <td>ambulatory</td>
                <td>A comprehensive term for health care provided in a healthcare facility (e.g. a practitioneraTMs office, clinic setting, or hospital) on a nonresident basis. The term ambulatory usually implies that the patient has come to the location and is not assigned to a bed. Sometimes referred to as an outpatient encounter.</td>
              </tr>
              <tr>
                <td style="white-space:nowrap">
                  <a name="http---terminology.hl7.org-CodeSystem-v3-ActCode-EMER"> </a>
                  <a href="http://terminology.hl7.org/2.1.0/CodeSystem-v3-ActCode.html#v3-ActCode-EMER">EMER</a>
                </td>
                <td>http://terminology.hl7.org/CodeSystem/v3-ActCode</td>
                <td>emergency</td>
                <td>A patient encounter that takes place at a dedicated healthcare service delivery location where the patient receives immediate evaluation and treatment, provided until the patient can be discharged or responsibility for the patient&#39;s care is transferred elsewhere (for example, the patient could be admitted as an inpatient or transferred to another facility.)</td>
              </tr>
              <tr>
                <td style="white-space:nowrap">
                  <a name="http---terminology.hl7.org-CodeSystem-v3-ActCode-FLD"> </a>
                  <a href="http://terminology.hl7.org/2.1.0/CodeSystem-v3-ActCode.html#v3-ActCode-FLD">FLD</a>
                </td>
                <td>http://terminology.hl7.org/CodeSystem/v3-ActCode</td>
                <td>field</td>
                <td>A patient encounter that takes place both outside a dedicated service delivery location and outside a patient&#39;s residence. Example locations might include an accident site and at a supermarket.</td>
              </tr>
              <tr>
                <td style="white-space:nowrap">
                  <a name="http---terminology.hl7.org-CodeSystem-v3-ActCode-HH"> </a>
                  <a href="http://terminology.hl7.org/2.1.0/CodeSystem-v3-ActCode.html#v3-ActCode-HH">HH</a>
                </td>
                <td>http://terminology.hl7.org/CodeSystem/v3-ActCode</td>
                <td>home health</td>
                <td>Healthcare encounter that takes place in the residence of the patient or a designee</td>
              </tr>
              <tr>
                <td style="white-space:nowrap">
                  <a name="http---terminology.hl7.org-CodeSystem-v3-ActCode-IMP"> </a>
                  <a href="http://terminology.hl7.org/2.1.0/CodeSystem-v3-ActCode.html#v3-ActCode-IMP">IMP</a>
                </td>
                <td>http://terminology.hl7.org/CodeSystem/v3-ActCode</td>
                <td>inpatient encounter</td>
                <td>A patient encounter where a patient is admitted by a hospital or equivalent facility, assigned to a location where patients generally stay at least overnight and provided with room, board, and continuous nursing service.</td>
              </tr>
              <tr>
                <td style="white-space:nowrap">
                  <a name="http---terminology.hl7.org-CodeSystem-v3-ActCode-ACUTE"> </a>
                  <a href="http://terminology.hl7.org/2.1.0/CodeSystem-v3-ActCode.html#v3-ActCode-ACUTE">ACUTE</a>
                </td>
                <td>http://terminology.hl7.org/CodeSystem/v3-ActCode</td>
                <td>inpatient acute</td>
                <td>An acute inpatient encounter.</td>
              </tr>
              <tr>
                <td style="white-space:nowrap">
                  <a name="http---terminology.hl7.org-CodeSystem-v3-ActCode-NONAC"> </a>
                  <a href="http://terminology.hl7.org/2.1.0/CodeSystem-v3-ActCode.html#v3-ActCode-NONAC">NONAC</a>
                </td>
                <td>http://terminology.hl7.org/CodeSystem/v3-ActCode</td>
                <td>inpatient non-acute</td>
                <td>Any category of inpatient encounter except &#39;acute&#39;</td>
              </tr>
              <tr>
                <td style="white-space:nowrap">
                  <a name="http---terminology.hl7.org-CodeSystem-v3-ActCode-OBSENC"> </a>
                  <a href="http://terminology.hl7.org/2.1.0/CodeSystem-v3-ActCode.html#v3-ActCode-OBSENC">OBSENC</a>
                </td>
                <td>http://terminology.hl7.org/CodeSystem/v3-ActCode</td>
                <td>observation encounter</td>
                <td>An encounter where the patient usually will start in different encounter, such as one in the emergency department (EMER) but then transition to this type of encounter because they require a significant period of treatment and monitoring to determine whether or not their condition warrants an inpatient admission or discharge. In the majority of cases the decision about admission or discharge will occur within a time period determined by local, regional or national regulation, often between 24 and 48 hours.</td>
              </tr>
              <tr>
                <td style="white-space:nowrap">
                  <a name="http---terminology.hl7.org-CodeSystem-v3-ActCode-PRENC"> </a>
                  <a href="http://terminology.hl7.org/2.1.0/CodeSystem-v3-ActCode.html#v3-ActCode-PRENC">PRENC</a>
                </td>
                <td>http://terminology.hl7.org/CodeSystem/v3-ActCode</td>
                <td>pre-admission</td>
                <td>A patient encounter where patient is scheduled or planned to receive service delivery in the future, and the patient is given a pre-admission account number. When the patient comes back for subsequent service, the pre-admission encounter is selected and is encapsulated into the service registration, and a new account number is generated.

*Usage Note:* This is intended to be used in advance of encounter types such as ambulatory, inpatient encounter, virtual, etc.</td>
              </tr>
              <tr>
                <td style="white-space:nowrap">
                  <a name="http---terminology.hl7.org-CodeSystem-v3-ActCode-SS"> </a>
                  <a href="http://terminology.hl7.org/2.1.0/CodeSystem-v3-ActCode.html#v3-ActCode-SS">SS</a>
                </td>
                <td>http://terminology.hl7.org/CodeSystem/v3-ActCode</td>
                <td>short stay</td>
                <td>An encounter where the patient is admitted to a health care facility for a predetermined length of time, usually less than 24 hours.</td>
              </tr>
              <tr>
                <td style="white-space:nowrap">
                  <a name="http---terminology.hl7.org-CodeSystem-v3-ActCode-VR"> </a>
                  <a href="http://terminology.hl7.org/2.1.0/CodeSystem-v3-ActCode.html#v3-ActCode-VR">VR</a>
                </td>
                <td>http://terminology.hl7.org/CodeSystem/v3-ActCode</td>
                <td>virtual</td>
                <td>A patient encounter where the patient and the practitioner(s) are not in the same physical location. Examples include telephone conference, email exchange, robotic surgery, and televideo conference.</td>
              </tr>
            </table>
          </div>
        </text>
        <url value="http://aehrc.github.io/genclipr-fhir-ig/ValueSet/EncounterClasses"/>
        <version value="0.1.0"/>
        <name value="EncounterClasses"/>
        <title value="Encounter Class Value Set"/>
        <status value="active"/>
        <date value="2021-05-07T07:08:14+00:00"/>
        <publisher value="The Australian e-Health Research Centre"/>
        <contact>
          <name value="The Australian e-Health Research Centre"/>
          <telecom>
            <system value="url"/>
            <value value="https://aehrc.com"/>
          </telecom>
          <telecom>
            <system value="email"/>
            <value value="ontoserver-support@csiro.au"/>
          </telecom>
        </contact>
        <description value="Classes of encounters captured in a genomics clinical picture FHIR repository."/>
        <copyright value="[Australian Genomics](https://www.australiangenomics.org.au)"/>
        <expansion>
          <identifier value="urn:uuid:8dc1b599-d154-4ee8-b6b8-5d8fde7f2956"/>
          <timestamp value="2021-05-07T07:08:47+00:00"/>
          <total value="12"/>
          <parameter>
            <name value="excludeNested"/>
            <valueBoolean value="false"/>
          </parameter>
          <parameter>
            <name value="version"/>
            <valueUri value="http://aehrc.github.io/genclipr-fhir-ig/CodeSystem/EncounterClass|0.1.0"/>
          </parameter>
          <parameter>
            <name value="version"/>
            <valueUri value="http://terminology.hl7.org/ValueSet/v3-ActEncounterCode|2.0.0"/>
          </parameter>
          <parameter>
            <name value="version"/>
            <valueUri value="http://terminology.hl7.org/CodeSystem/v3-ActCode|5.0.0"/>
          </parameter>
          <contains>
            <system value="http://aehrc.github.io/genclipr-fhir-ig/CodeSystem/EncounterClass"/>
            <code value="RS"/>
            <display value="research study"/>
          </contains>
          <contains>
            <system value="http://terminology.hl7.org/CodeSystem/v3-ActCode"/>
            <abstract value="false"/>
            <inactive value="false"/>
            <code value="AMB"/>
            <display value="ambulatory"/>
          </contains>
          <contains>
            <system value="http://terminology.hl7.org/CodeSystem/v3-ActCode"/>
            <abstract value="false"/>
            <inactive value="false"/>
            <code value="EMER"/>
            <display value="emergency"/>
          </contains>
          <contains>
            <system value="http://terminology.hl7.org/CodeSystem/v3-ActCode"/>
            <abstract value="false"/>
            <inactive value="false"/>
            <code value="FLD"/>
            <display value="field"/>
          </contains>
          <contains>
            <system value="http://terminology.hl7.org/CodeSystem/v3-ActCode"/>
            <abstract value="false"/>
            <inactive value="false"/>
            <code value="HH"/>
            <display value="home health"/>
          </contains>
          <contains>
            <system value="http://terminology.hl7.org/CodeSystem/v3-ActCode"/>
            <abstract value="false"/>
            <inactive value="false"/>
            <code value="IMP"/>
            <display value="inpatient encounter"/>
          </contains>
          <contains>
            <system value="http://terminology.hl7.org/CodeSystem/v3-ActCode"/>
            <abstract value="false"/>
            <inactive value="false"/>
            <code value="ACUTE"/>
            <display value="inpatient acute"/>
          </contains>
          <contains>
            <system value="http://terminology.hl7.org/CodeSystem/v3-ActCode"/>
            <abstract value="false"/>
            <inactive value="false"/>
            <code value="NONAC"/>
            <display value="inpatient non-acute"/>
          </contains>
          <contains>
            <system value="http://terminology.hl7.org/CodeSystem/v3-ActCode"/>
            <abstract value="false"/>
            <inactive value="false"/>
            <code value="OBSENC"/>
            <display value="observation encounter"/>
          </contains>
          <contains>
            <system value="http://terminology.hl7.org/CodeSystem/v3-ActCode"/>
            <abstract value="false"/>
            <inactive value="false"/>
            <code value="PRENC"/>
            <display value="pre-admission"/>
          </contains>
          <contains>
            <system value="http://terminology.hl7.org/CodeSystem/v3-ActCode"/>
            <abstract value="false"/>
            <inactive value="false"/>
            <code value="SS"/>
            <display value="short stay"/>
          </contains>
          <contains>
            <system value="http://terminology.hl7.org/CodeSystem/v3-ActCode"/>
            <abstract value="false"/>
            <inactive value="false"/>
            <code value="VR"/>
            <display value="virtual"/>
          </contains>
        </expansion>
      </ValueSet>
    </resource>
  </entry>
  <entry>
    <fullUrl value="http://aehrc.github.io/genclipr-fhir-ig/ValueSet/EncounterTypes"/>
    <resource>
      <ValueSet>
        <id value="EncounterTypes"/>
        <text>
          <status value="generated"/>
          <div xmlns="http://www.w3.org/1999/xhtml">
            <p>This value set contains 7 concepts</p>
            <div style="border: black 1px dotted; background-color: #EEEEEE; padding: 8px; margin-bottom: 8px">
              <p>Expansion based on: </p>
              <ul>
                <li>
                  <a href="CodeSystem-EncounterType.html">Encounter Type v0.1.0 (CodeSystem)</a>
                </li>
                <li>
                  <a href="http://terminology.hl7.org/2.1.0/CodeSystem-encounter-type.html">Encounter type v0.1.0 (CodeSystem)</a>
                </li>
                <li>
                  <a href="http://hl7.org/fhir/R4/valueset-encounter-type.html">Encounter type v4.0.1 (ValueSet)</a>
                </li>
              </ul>
            </div>
            <table class="codes">
              <tr>
                <td style="white-space:nowrap">
                  <b>Code</b>
                </td>
                <td>
                  <b>System</b>
                </td>
                <td>
                  <b>Display</b>
                </td>
                <td>
                  <b>Definition</b>
                </td>
              </tr>
              <tr>
                <td style="white-space:nowrap">
                  <a name="http---aehrc.github.io-genclipr-fhir-ig-CodeSystem-EncounterType-REF"> </a>
                  <a href="CodeSystem-EncounterType.html#EncounterType-REF">REF</a>
                </td>
                <td>http://aehrc.github.io/genclipr-fhir-ig/CodeSystem/EncounterType</td>
                <td>referral</td>
                <td>An initial encounter done by a specialist after referral.</td>
              </tr>
              <tr>
                <td style="white-space:nowrap">
                  <a name="http---aehrc.github.io-genclipr-fhir-ig-CodeSystem-EncounterType-PRI"> </a>
                  <a href="CodeSystem-EncounterType.html#EncounterType-PRI">PRI</a>
                </td>
                <td>http://aehrc.github.io/genclipr-fhir-ig/CodeSystem/EncounterType</td>
                <td>pre-investigation</td>
                <td>An encounter done before genomic testing results are available.</td>
              </tr>
              <tr>
                <td style="white-space:nowrap">
                  <a name="http---aehrc.github.io-genclipr-fhir-ig-CodeSystem-EncounterType-PTI"> </a>
                  <a href="CodeSystem-EncounterType.html#EncounterType-PTI">PTI</a>
                </td>
                <td>http://aehrc.github.io/genclipr-fhir-ig/CodeSystem/EncounterType</td>
                <td>post-investigation</td>
                <td>An encounter done after genomic testing results are available.</td>
              </tr>
              <tr>
                <td style="white-space:nowrap">
                  <a name="http---terminology.hl7.org-CodeSystem-encounter-type-ADMS"> </a>
                  <a href="http://terminology.hl7.org/2.1.0/CodeSystem-encounter-type.html#encounter-type-ADMS">ADMS</a>
                </td>
                <td>http://terminology.hl7.org/CodeSystem/encounter-type</td>
                <td>Annual diabetes mellitus screening</td>
                <td/>
              </tr>
              <tr>
                <td style="white-space:nowrap">
                  <a name="http---terminology.hl7.org-CodeSystem-encounter-type-BD-BM-clin"> </a>
                  <a href="http://terminology.hl7.org/2.1.0/CodeSystem-encounter-type.html#encounter-type-BD.47BM-clin">BD/BM-clin</a>
                </td>
                <td>http://terminology.hl7.org/CodeSystem/encounter-type</td>
                <td>Bone drilling/bone marrow punction in clinic</td>
                <td/>
              </tr>
              <tr>
                <td style="white-space:nowrap">
                  <a name="http---terminology.hl7.org-CodeSystem-encounter-type-CCS60"> </a>
                  <a href="http://terminology.hl7.org/2.1.0/CodeSystem-encounter-type.html#encounter-type-CCS60">CCS60</a>
                </td>
                <td>http://terminology.hl7.org/CodeSystem/encounter-type</td>
                <td>Infant colon screening - 60 minutes</td>
                <td/>
              </tr>
              <tr>
                <td style="white-space:nowrap">
                  <a name="http---terminology.hl7.org-CodeSystem-encounter-type-OKI"> </a>
                  <a href="http://terminology.hl7.org/2.1.0/CodeSystem-encounter-type.html#encounter-type-OKI">OKI</a>
                </td>
                <td>http://terminology.hl7.org/CodeSystem/encounter-type</td>
                <td>Outpatient Kenacort injection</td>
                <td/>
              </tr>
            </table>
          </div>
        </text>
        <url value="http://aehrc.github.io/genclipr-fhir-ig/ValueSet/EncounterTypes"/>
        <version value="0.1.0"/>
        <name value="EncounterTypes"/>
        <title value="Encounter Type Value Set"/>
        <status value="active"/>
        <date value="2021-05-07T07:08:14+00:00"/>
        <publisher value="The Australian e-Health Research Centre"/>
        <contact>
          <name value="The Australian e-Health Research Centre"/>
          <telecom>
            <system value="url"/>
            <value value="https://aehrc.com"/>
          </telecom>
          <telecom>
            <system value="email"/>
            <value value="ontoserver-support@csiro.au"/>
          </telecom>
        </contact>
        <description value="Types of encounters captured in a genomics clinical picture FHIR repository."/>
        <copyright value="[Australian Genomics](https://www.australiangenomics.org.au)"/>
        <expansion>
          <identifier value="urn:uuid:043c42e1-394c-4f55-b148-5bf2242292d7"/>
          <timestamp value="2021-05-07T07:08:47+00:00"/>
          <total value="7"/>
          <parameter>
            <name value="excludeNested"/>
            <valueBoolean value="false"/>
          </parameter>
          <parameter>
            <name value="version"/>
            <valueUri value="http://aehrc.github.io/genclipr-fhir-ig/CodeSystem/EncounterType|0.1.0"/>
          </parameter>
          <parameter>
            <name value="version"/>
            <valueUri value="http://hl7.org/fhir/ValueSet/encounter-type|4.0.1"/>
          </parameter>
          <parameter>
            <name value="version"/>
            <valueUri value="http://terminology.hl7.org/CodeSystem/encounter-type|0.1.0"/>
          </parameter>
          <contains>
            <system value="http://aehrc.github.io/genclipr-fhir-ig/CodeSystem/EncounterType"/>
            <code value="REF"/>
            <display value="referral"/>
          </contains>
          <contains>
            <system value="http://aehrc.github.io/genclipr-fhir-ig/CodeSystem/EncounterType"/>
            <code value="PRI"/>
            <display value="pre-investigation"/>
          </contains>
          <contains>
            <system value="http://aehrc.github.io/genclipr-fhir-ig/CodeSystem/EncounterType"/>
            <code value="PTI"/>
            <display value="post-investigation"/>
          </contains>
          <contains>
            <system value="http://terminology.hl7.org/CodeSystem/encounter-type"/>
            <abstract value="false"/>
            <inactive value="false"/>
            <code value="ADMS"/>
            <display value="Annual diabetes mellitus screening"/>
          </contains>
          <contains>
            <system value="http://terminology.hl7.org/CodeSystem/encounter-type"/>
            <abstract value="false"/>
            <inactive value="false"/>
            <code value="BD/BM-clin"/>
            <display value="Bone drilling/bone marrow punction in clinic"/>
          </contains>
          <contains>
            <system value="http://terminology.hl7.org/CodeSystem/encounter-type"/>
            <abstract value="false"/>
            <inactive value="false"/>
            <code value="CCS60"/>
            <display value="Infant colon screening - 60 minutes"/>
          </contains>
          <contains>
            <system value="http://terminology.hl7.org/CodeSystem/encounter-type"/>
            <abstract value="false"/>
            <inactive value="false"/>
            <code value="OKI"/>
            <display value="Outpatient Kenacort injection"/>
          </contains>
        </expansion>
      </ValueSet>
    </resource>
  </entry>
  <entry>
    <fullUrl value="http://aehrc.github.io/genclipr-fhir-ig/ValueSet/Lateralities"/>
    <resource>
      <ValueSet>
        <id value="Lateralities"/>
        <text>
          <status value="generated"/>
          <div xmlns="http://www.w3.org/1999/xhtml">
            <p>This value set contains 4 concepts</p>
            <p style="border: black 1px dotted; background-color: #EEEEEE; padding: 8px; margin-bottom: 8px">Expansion based on SNOMED CT International edition 31-Jan 2021</p>
            <p>All codes from system 
              <a href="http://terminology.hl7.org/2.1.0/CodeSystem-v3-snomed-CT.html">
                <code>http://snomed.info/sct</code>
              </a>
            </p>
            <table class="codes">
              <tr>
                <td style="white-space:nowrap">
                  <b>Code</b>
                </td>
                <td>
                  <b>Display</b>
                </td>
                <td>
                  <b>Definition</b>
                </td>
              </tr>
              <tr>
                <td style="white-space:nowrap">
                  <a name="http---snomed.info-sct-24028007"> </a>
                  <a href="http://browser.ihtsdotools.org/?perspective=full&amp;conceptId1=24028007">24028007</a>
                </td>
                <td>Right</td>
                <td/>
              </tr>
              <tr>
                <td style="white-space:nowrap">
                  <a name="http---snomed.info-sct-7771000"> </a>
                  <a href="http://browser.ihtsdotools.org/?perspective=full&amp;conceptId1=7771000">7771000</a>
                </td>
                <td>Left</td>
                <td/>
              </tr>
              <tr>
                <td style="white-space:nowrap">
                  <a name="http---snomed.info-sct-66459002"> </a>
                  <a href="http://browser.ihtsdotools.org/?perspective=full&amp;conceptId1=66459002">66459002</a>
                </td>
                <td>Unilateral</td>
                <td/>
              </tr>
              <tr>
                <td style="white-space:nowrap">
                  <a name="http---snomed.info-sct-51440002"> </a>
                  <a href="http://browser.ihtsdotools.org/?perspective=full&amp;conceptId1=51440002">51440002</a>
                </td>
                <td>Right and left</td>
                <td/>
              </tr>
            </table>
          </div>
        </text>
        <url value="http://aehrc.github.io/genclipr-fhir-ig/ValueSet/Lateralities"/>
        <version value="0.1.0"/>
        <name value="Lateralities"/>
        <title value="Lateralities Value Set"/>
        <status value="active"/>
        <date value="2021-05-07T07:08:14+00:00"/>
        <publisher value="The Australian e-Health Research Centre"/>
        <contact>
          <name value="The Australian e-Health Research Centre"/>
          <telecom>
            <system value="url"/>
            <value value="https://aehrc.com"/>
          </telecom>
          <telecom>
            <system value="email"/>
            <value value="ontoserver-support@csiro.au"/>
          </telecom>
        </contact>
        <description value="Codes used to describe the laterality of a body structure."/>
        <copyright value="[Australian Genomics](https://www.australiangenomics.org.au)"/>
        <expansion>
          <identifier value="urn:uuid:0373503b-aa7d-4f9c-a56b-ea6b0ae3ba35"/>
          <timestamp value="2021-05-07T07:08:47+00:00"/>
          <total value="4"/>
          <parameter>
            <name value="excludeNested"/>
            <valueBoolean value="false"/>
          </parameter>
          <parameter>
            <name value="limitedExpansion"/>
            <valueBoolean value="true"/>
          </parameter>
          <parameter>
            <name value="version"/>
            <valueString value="http://snomed.info/sct|http://snomed.info/sct/900000000000207008/version/20210131"/>
          </parameter>
          <contains>
            <system value="http://snomed.info/sct"/>
            <code value="24028007"/>
            <display value="Right"/>
          </contains>
          <contains>
            <system value="http://snomed.info/sct"/>
            <code value="7771000"/>
            <display value="Left"/>
          </contains>
          <contains>
            <system value="http://snomed.info/sct"/>
            <code value="66459002"/>
            <display value="Unilateral"/>
          </contains>
          <contains>
            <system value="http://snomed.info/sct"/>
            <code value="51440002"/>
            <display value="Right and left"/>
          </contains>
        </expansion>
      </ValueSet>
    </resource>
  </entry>
  <entry>
    <fullUrl value="http://aehrc.github.io/genclipr-fhir-ig/ValueSet/PresenceValues"/>
    <resource>
      <ValueSet>
        <id value="PresenceValues"/>
        <text>
          <status value="generated"/>
          <div xmlns="http://www.w3.org/1999/xhtml">
            <p>This value set contains 4 concepts</p>
            <p style="border: black 1px dotted; background-color: #EEEEEE; padding: 8px; margin-bottom: 8px">Expansion based on SNOMED CT International edition 31-Jan 2021</p>
            <p>All codes from system 
              <a href="http://terminology.hl7.org/2.1.0/CodeSystem-v3-snomed-CT.html">
                <code>http://snomed.info/sct</code>
              </a>
            </p>
            <table class="codes">
              <tr>
                <td style="white-space:nowrap">
                  <b>Code</b>
                </td>
                <td>
                  <b>Display</b>
                </td>
                <td>
                  <b>Definition</b>
                </td>
              </tr>
              <tr>
                <td style="white-space:nowrap">
                  <a name="http---snomed.info-sct-52101004"> </a>
                  <a href="http://browser.ihtsdotools.org/?perspective=full&amp;conceptId1=52101004">52101004</a>
                </td>
                <td>Present</td>
                <td/>
              </tr>
              <tr>
                <td style="white-space:nowrap">
                  <a name="http---snomed.info-sct-2667000"> </a>
                  <a href="http://browser.ihtsdotools.org/?perspective=full&amp;conceptId1=2667000">2667000</a>
                </td>
                <td>Absent</td>
                <td/>
              </tr>
              <tr>
                <td style="white-space:nowrap">
                  <a name="http---snomed.info-sct-385660001"> </a>
                  <a href="http://browser.ihtsdotools.org/?perspective=full&amp;conceptId1=385660001">385660001</a>
                </td>
                <td>Not done</td>
                <td/>
              </tr>
              <tr>
                <td style="white-space:nowrap">
                  <a name="http---snomed.info-sct-373068000"> </a>
                  <a href="http://browser.ihtsdotools.org/?perspective=full&amp;conceptId1=373068000">373068000</a>
                </td>
                <td>Undetermined</td>
                <td/>
              </tr>
            </table>
          </div>
        </text>
        <url value="http://aehrc.github.io/genclipr-fhir-ig/ValueSet/PresenceValues"/>
        <version value="0.1.0"/>
        <name value="PresenceValues"/>
        <title value="Presence Value Set"/>
        <status value="active"/>
        <date value="2021-05-07T07:08:14+00:00"/>
        <publisher value="The Australian e-Health Research Centre"/>
        <contact>
          <name value="The Australian e-Health Research Centre"/>
          <telecom>
            <system value="url"/>
            <value value="https://aehrc.com"/>
          </telecom>
          <telecom>
            <system value="email"/>
            <value value="ontoserver-support@csiro.au"/>
          </telecom>
        </contact>
        <description value="Presence / absence values from SNOMED CT."/>
        <copyright value="[Australian Genomics](https://www.australiangenomics.org.au)"/>
        <expansion>
          <identifier value="urn:uuid:1cfabb4c-d5c7-4b80-86dd-b238700e6eb5"/>
          <timestamp value="2021-05-07T07:08:47+00:00"/>
          <total value="4"/>
          <parameter>
            <name value="excludeNested"/>
            <valueBoolean value="false"/>
          </parameter>
          <parameter>
            <name value="limitedExpansion"/>
            <valueBoolean value="true"/>
          </parameter>
          <parameter>
            <name value="version"/>
            <valueString value="http://snomed.info/sct|http://snomed.info/sct/900000000000207008/version/20210131"/>
          </parameter>
          <contains>
            <system value="http://snomed.info/sct"/>
            <code value="52101004"/>
            <display value="Present"/>
          </contains>
          <contains>
            <system value="http://snomed.info/sct"/>
            <code value="2667000"/>
            <display value="Absent"/>
          </contains>
          <contains>
            <system value="http://snomed.info/sct"/>
            <code value="385660001"/>
            <display value="Not done"/>
          </contains>
          <contains>
            <system value="http://snomed.info/sct"/>
            <code value="373068000"/>
            <display value="Undetermined"/>
          </contains>
        </expansion>
      </ValueSet>
    </resource>
  </entry>
  <entry>
    <fullUrl value="http://aehrc.github.io/genclipr-fhir-ig/ValueSet/Severities"/>
    <resource>
      <ValueSet>
        <id value="Severities"/>
        <text>
          <status value="generated"/>
          <div xmlns="http://www.w3.org/1999/xhtml">
            <p>This value set contains 7 concepts</p>
            <p style="border: black 1px dotted; background-color: #EEEEEE; padding: 8px; margin-bottom: 8px">Expansion based on SNOMED CT International edition 31-Jan 2021</p>
            <p>All codes from system 
              <a href="http://terminology.hl7.org/2.1.0/CodeSystem-v3-snomed-CT.html">
                <code>http://snomed.info/sct</code>
              </a>
            </p>
            <table class="codes">
              <tr>
                <td style="white-space:nowrap">
                  <b>Code</b>
                </td>
                <td>
                  <b>Display</b>
                </td>
                <td>
                  <b>Definition</b>
                </td>
              </tr>
              <tr>
                <td style="white-space:nowrap">
                  <a name="http---snomed.info-sct-6736007"> </a>
                  <a href="http://browser.ihtsdotools.org/?perspective=full&amp;conceptId1=6736007">6736007</a>
                </td>
                <td>Moderate</td>
                <td/>
              </tr>
              <tr>
                <td style="white-space:nowrap">
                  <a name="http---snomed.info-sct-24484000"> </a>
                  <a href="http://browser.ihtsdotools.org/?perspective=full&amp;conceptId1=24484000">24484000</a>
                </td>
                <td>Severe</td>
                <td/>
              </tr>
              <tr>
                <td style="white-space:nowrap">
                  <a name="http---snomed.info-sct-255604002"> </a>
                  <a href="http://browser.ihtsdotools.org/?perspective=full&amp;conceptId1=255604002">255604002</a>
                </td>
                <td>Mild</td>
                <td/>
              </tr>
              <tr>
                <td style="white-space:nowrap">
                  <a name="http---snomed.info-sct-371923003"> </a>
                  <a href="http://browser.ihtsdotools.org/?perspective=full&amp;conceptId1=371923003">371923003</a>
                </td>
                <td>Mild to moderate</td>
                <td/>
              </tr>
              <tr>
                <td style="white-space:nowrap">
                  <a name="http---snomed.info-sct-371924009"> </a>
                  <a href="http://browser.ihtsdotools.org/?perspective=full&amp;conceptId1=371924009">371924009</a>
                </td>
                <td>Moderate to severe</td>
                <td/>
              </tr>
              <tr>
                <td style="white-space:nowrap">
                  <a name="http---snomed.info-sct-399166001"> </a>
                  <a href="http://browser.ihtsdotools.org/?perspective=full&amp;conceptId1=399166001">399166001</a>
                </td>
                <td>Fatal</td>
                <td/>
              </tr>
              <tr>
                <td style="white-space:nowrap">
                  <a name="http---snomed.info-sct-442452003"> </a>
                  <a href="http://browser.ihtsdotools.org/?perspective=full&amp;conceptId1=442452003">442452003</a>
                </td>
                <td>Life threatening severity</td>
                <td/>
              </tr>
            </table>
          </div>
        </text>
        <url value="http://aehrc.github.io/genclipr-fhir-ig/ValueSet/Severities"/>
        <version value="0.1.0"/>
        <name value="Severities"/>
        <title value="Severity Value Set"/>
        <status value="active"/>
        <date value="2021-05-07T07:08:14+00:00"/>
        <publisher value="The Australian e-Health Research Centre"/>
        <contact>
          <name value="The Australian e-Health Research Centre"/>
          <telecom>
            <system value="url"/>
            <value value="https://aehrc.com"/>
          </telecom>
          <telecom>
            <system value="email"/>
            <value value="ontoserver-support@csiro.au"/>
          </telecom>
        </contact>
        <description value="Codes used to describe the severity of a finding."/>
        <copyright value="[Australian Genomics](https://www.australiangenomics.org.au)"/>
        <expansion>
          <extension url="http://hl7.org/fhir/StructureDefinition/valueset-unclosed">
            <valueBoolean value="true"/>
          </extension>
          <identifier value="urn:uuid:16be20dc-1188-40c1-b849-2a8143ebf0dd"/>
          <timestamp value="2021-05-07T07:08:48+00:00"/>
          <total value="7"/>
          <parameter>
            <name value="excludeNested"/>
            <valueBoolean value="false"/>
          </parameter>
          <parameter>
            <name value="limitedExpansion"/>
            <valueBoolean value="true"/>
          </parameter>
          <parameter>
            <name value="version"/>
            <valueString value="http://snomed.info/sct|http://snomed.info/sct/900000000000207008/version/20210131"/>
          </parameter>
          <contains>
            <system value="http://snomed.info/sct"/>
            <code value="6736007"/>
            <display value="Moderate"/>
          </contains>
          <contains>
            <system value="http://snomed.info/sct"/>
            <code value="24484000"/>
            <display value="Severe"/>
          </contains>
          <contains>
            <system value="http://snomed.info/sct"/>
            <code value="255604002"/>
            <display value="Mild"/>
          </contains>
          <contains>
            <system value="http://snomed.info/sct"/>
            <code value="371923003"/>
            <display value="Mild to moderate"/>
          </contains>
          <contains>
            <system value="http://snomed.info/sct"/>
            <code value="371924009"/>
            <display value="Moderate to severe"/>
          </contains>
          <contains>
            <system value="http://snomed.info/sct"/>
            <code value="399166001"/>
            <display value="Fatal"/>
          </contains>
          <contains>
            <system value="http://snomed.info/sct"/>
            <code value="442452003"/>
            <display value="Life threatening severity"/>
          </contains>
        </expansion>
      </ValueSet>
    </resource>
  </entry>
  <entry>
    <fullUrl value="http://aehrc.github.io/genclipr-fhir-ig/ValueSet/TestInterpretationValues"/>
    <resource>
      <ValueSet>
        <id value="TestInterpretationValues"/>
        <text>
          <status value="generated"/>
          <div xmlns="http://www.w3.org/1999/xhtml">
            <p>This value set contains 4 concepts</p>
            <p style="border: black 1px dotted; background-color: #EEEEEE; padding: 8px; margin-bottom: 8px">Expansion based on SNOMED CT International edition 31-Jan 2021</p>
            <p>All codes from system 
              <a href="http://terminology.hl7.org/2.1.0/CodeSystem-v3-snomed-CT.html">
                <code>http://snomed.info/sct</code>
              </a>
            </p>
            <table class="codes">
              <tr>
                <td style="white-space:nowrap">
                  <b>Code</b>
                </td>
                <td>
                  <b>Display</b>
                </td>
                <td>
                  <b>Definition</b>
                </td>
              </tr>
              <tr>
                <td style="white-space:nowrap">
                  <a name="http---snomed.info-sct-62482003"> </a>
                  <a href="http://browser.ihtsdotools.org/?perspective=full&amp;conceptId1=62482003">62482003</a>
                </td>
                <td>Low</td>
                <td/>
              </tr>
              <tr>
                <td style="white-space:nowrap">
                  <a name="http---snomed.info-sct-11896004"> </a>
                  <a href="http://browser.ihtsdotools.org/?perspective=full&amp;conceptId1=11896004">11896004</a>
                </td>
                <td>Intermediate</td>
                <td/>
              </tr>
              <tr>
                <td style="white-space:nowrap">
                  <a name="http---snomed.info-sct-17621005"> </a>
                  <a href="http://browser.ihtsdotools.org/?perspective=full&amp;conceptId1=17621005">17621005</a>
                </td>
                <td>Normal</td>
                <td/>
              </tr>
              <tr>
                <td style="white-space:nowrap">
                  <a name="http---snomed.info-sct-75540009"> </a>
                  <a href="http://browser.ihtsdotools.org/?perspective=full&amp;conceptId1=75540009">75540009</a>
                </td>
                <td>High</td>
                <td/>
              </tr>
            </table>
          </div>
        </text>
        <url value="http://aehrc.github.io/genclipr-fhir-ig/ValueSet/TestInterpretationValues"/>
        <version value="0.1.0"/>
        <name value="TestInterpretationValues"/>
        <title value="Test Interpretation Value Set"/>
        <status value="active"/>
        <date value="2021-05-07T07:08:14+00:00"/>
        <publisher value="The Australian e-Health Research Centre"/>
        <contact>
          <name value="The Australian e-Health Research Centre"/>
          <telecom>
            <system value="url"/>
            <value value="https://aehrc.com"/>
          </telecom>
          <telecom>
            <system value="email"/>
            <value value="ontoserver-support@csiro.au"/>
          </telecom>
        </contact>
        <description value="Test interpretation values from SNOMED CT."/>
        <copyright value="[Australian Genomics](https://www.australiangenomics.org.au)"/>
        <expansion>
          <identifier value="urn:uuid:2afdea43-f146-496d-b2b6-f883b4bdcd03"/>
          <timestamp value="2021-05-07T07:08:48+00:00"/>
          <total value="4"/>
          <parameter>
            <name value="excludeNested"/>
            <valueBoolean value="false"/>
          </parameter>
          <parameter>
            <name value="limitedExpansion"/>
            <valueBoolean value="true"/>
          </parameter>
          <parameter>
            <name value="version"/>
            <valueString value="http://snomed.info/sct|http://snomed.info/sct/900000000000207008/version/20210131"/>
          </parameter>
          <contains>
            <system value="http://snomed.info/sct"/>
            <code value="62482003"/>
            <display value="Low"/>
          </contains>
          <contains>
            <system value="http://snomed.info/sct"/>
            <code value="11896004"/>
            <display value="Intermediate"/>
          </contains>
          <contains>
            <system value="http://snomed.info/sct"/>
            <code value="17621005"/>
            <display value="Normal"/>
          </contains>
          <contains>
            <system value="http://snomed.info/sct"/>
            <code value="75540009"/>
            <display value="High"/>
          </contains>
        </expansion>
      </ValueSet>
    </resource>
  </entry>
</Bundle>