<?xml version="1.0" encoding="UTF-8"?>

<CodeSystem xmlns="http://hl7.org/fhir">
  <id value="IdentifierType"/>
  <text>
    <status value="generated"/><div xmlns="http://www.w3.org/1999/xhtml"><p>This code system http://aehrc.github.io/genclipr-fhir-ig/CodeSystem/IdentifierType defines the following codes:</p><table class="codes"><tr><td style="white-space:nowrap"><b>Code</b></td><td><b>Display</b></td><td><b>Definition</b></td></tr><tr><td style="white-space:nowrap">RSI<a name="IdentifierType-RSI"> </a></td><td>Research study identifier</td><td>An identifier given to a research study.</td></tr></table></div>
  </text>
  <url value="http://aehrc.github.io/genclipr-fhir-ig/CodeSystem/IdentifierType"/>
  <version value="0.1.0"/>
  <name value="IdentifierType"/>
  <title value="Identifier Type"/>
  <status value="active"/>
  <date value="2021-05-07T04:25:19+00:00"/>
  <publisher value="The Australian e-Health Research Centre"/>
  <contact>
    <name value="The Australian e-Health Research Centre"/>
    <telecom>
      <system value="url"/>
      <value value="https://aehrc.com"/>
    </telecom>
    <telecom>
      <system value="email"/>
      <value value="ontoserver-support@csiro.au"/>
    </telecom>
  </contact>
  <description value="Types of identifiers used in a genomics clinical picture FHIR repository."/>
  <copyright value="[Australian Genomics](https://www.australiangenomics.org.au)"/>
  <content value="complete"/>
  <count value="1"/>
  <concept>
    <code value="RSI"/>
    <display value="Research study identifier"/>
    <definition value="An identifier given to a research study."/>
  </concept>
</CodeSystem>