<?xml version="1.0" encoding="UTF-8"?>

<ValueSet xmlns="http://hl7.org/fhir">
  <id value="SeverityCodes"/>
  <text>
    <status value="generated"/><div xmlns="http://www.w3.org/1999/xhtml"><ul><li>Include codes from <a href="http://www.snomed.org/"><code>http://snomed.info/sct</code></a> where concept  descends from  272141005 (Severities)</li></ul></div>
  </text>
  <url value="http://aehrc.github.io/genclipr-fhir-ig/ValueSet/SeverityCodes"/>
  <version value="0.1.0"/>
  <name value="SeverityCodes"/>
  <title value="Severity Value Set"/>
  <status value="active"/>
  <date value="2021-04-29T06:11:02+00:00"/>
  <publisher value="The Australian e-Health Research Centre"/>
  <contact>
    <name value="The Australian e-Health Research Centre"/>
    <telecom>
      <system value="url"/>
      <value value="https://aehrc.com"/>
    </telecom>
    <telecom>
      <system value="email"/>
      <value value="ontoserver-support@csiro.au"/>
    </telecom>
  </contact>
  <description value="Codes used to describe the severity of a finding."/>
  <copyright value="[Australian Genomics](https://www.australiangenomics.org.au)"/>
  <compose>
    <include>
      <system value="http://snomed.info/sct"/>
      <filter>
        <property value="concept"/>
        <op value="descendent-of"/>
        <value value="272141005"/>
      </filter>
    </include>
  </compose>
</ValueSet>