<?xml version="1.0" encoding="UTF-8"?>

<ValueSet xmlns="http://hl7.org/fhir">
  <id value="PresenceValues"/>
  <text>
    <status value="generated"/><div xmlns="http://www.w3.org/1999/xhtml"><ul><li>Include these codes as defined in <a href="http://www.snomed.org/"><code>http://snomed.info/sct</code></a><table class="none"><tr><td style="white-space:nowrap"><b>Code</b></td><td><b>Display</b></td></tr><tr><td><a href="http://browser.ihtsdotools.org/?perspective=full&amp;conceptId1=52101004">52101004</a></td><td>Present</td></tr><tr><td><a href="http://browser.ihtsdotools.org/?perspective=full&amp;conceptId1=2667000">2667000</a></td><td>Absent</td></tr><tr><td><a href="http://browser.ihtsdotools.org/?perspective=full&amp;conceptId1=385660001">385660001</a></td><td>Not done</td></tr><tr><td><a href="http://browser.ihtsdotools.org/?perspective=full&amp;conceptId1=373068000">373068000</a></td><td>Undetermined</td></tr></table></li></ul></div>
  </text>
  <url value="http://aehrc.github.io/genclipr-fhir-ig/ValueSet/PresenceValues"/>
  <version value="0.1.0"/>
  <name value="PresenceValues"/>
  <title value="Presence Value Set"/>
  <status value="active"/>
  <date value="2021-05-05T06:48:00+00:00"/>
  <publisher value="The Australian e-Health Research Centre"/>
  <contact>
    <name value="The Australian e-Health Research Centre"/>
    <telecom>
      <system value="url"/>
      <value value="https://aehrc.com"/>
    </telecom>
    <telecom>
      <system value="email"/>
      <value value="ontoserver-support@csiro.au"/>
    </telecom>
  </contact>
  <description value="Presence / absence values from SNOMED CT."/>
  <copyright value="[Australian Genomics](https://www.australiangenomics.org.au)"/>
  <compose>
    <include>
      <system value="http://snomed.info/sct"/>
      <concept>
        <code value="52101004"/>
        <display value="Present"/>
      </concept>
      <concept>
        <code value="2667000"/>
        <display value="Absent"/>
      </concept>
      <concept>
        <code value="385660001"/>
        <display value="Not done"/>
      </concept>
      <concept>
        <code value="373068000"/>
        <display value="Undetermined"/>
      </concept>
    </include>
  </compose>
</ValueSet>