<?xml version="1.0" encoding="UTF-8"?>

<ValueSet xmlns="http://hl7.org/fhir">
  <id value="BodySiteCodes"/>
  <text>
    <status value="generated"/><div xmlns="http://www.w3.org/1999/xhtml"><ul><li>Include codes from <a href="http://www.snomed.org/"><code>http://snomed.info/sct</code></a> where concept  descends from  442083009 (Anatomical or acquired body structure (body structure))</li></ul></div>
  </text>
  <url value="http://aehrc.github.io/genclipr-fhir-ig/ValueSet/BodySiteCodes"/>
  <version value="0.1.0"/>
  <name value="BodySiteCodes"/>
  <title value="Body Sites Value Set"/>
  <status value="active"/>
  <date value="2021-02-15T16:35:31+10:00"/>
  <publisher value="The Australian e-Health Research Centre"/>
  <contact>
    <name value="The Australian e-Health Research Centre"/>
    <telecom>
      <system value="url"/>
      <value value="https://aehrc.com"/>
    </telecom>
    <telecom>
      <system value="email"/>
      <value value="ontoserver-support@csiro.au"/>
    </telecom>
  </contact>
  <description value="Body sites from SNOMED CT."/>
  <copyright value="[Australian Genomics](https://www.australiangenomics.org.au)"/>
  <compose>
    <include>
      <system value="http://snomed.info/sct"/>
      <filter>
        <property value="concept"/>
        <op value="descendent-of"/>
        <value value="442083009"/>
      </filter>
    </include>
  </compose>
</ValueSet>