<?xml version="1.0" encoding="UTF-8"?>

<ValueSet xmlns="http://hl7.org/fhir">
  <id value="LateralityCodes"/>
  <text>
    <status value="generated"/><div xmlns="http://www.w3.org/1999/xhtml"><ul><li>Include these codes as defined in <a href="http://www.snomed.org/"><code>http://snomed.info/sct</code></a><table class="none"><tr><td style="white-space:nowrap"><b>Code</b></td><td><b>Display</b></td></tr><tr><td><a href="http://browser.ihtsdotools.org/?perspective=full&amp;conceptId1=24028007">24028007</a></td><td>Right</td></tr><tr><td><a href="http://browser.ihtsdotools.org/?perspective=full&amp;conceptId1=7771000">7771000</a></td><td>Left</td></tr><tr><td><a href="http://browser.ihtsdotools.org/?perspective=full&amp;conceptId1=66459002">66459002</a></td><td>Unilateral</td></tr><tr><td><a href="http://browser.ihtsdotools.org/?perspective=full&amp;conceptId1=51440002">51440002</a></td><td>Right and left</td></tr></table></li></ul></div>
  </text>
  <url value="http://aehrc.github.io/genclipr-fhir-ig/ValueSet/LateralityCodes"/>
  <version value="0.1.0"/>
  <name value="LateralityCodes"/>
  <title value="Laterality Value Set"/>
  <status value="active"/>
  <date value="2021-04-09T13:48:22+10:00"/>
  <publisher value="The Australian e-Health Research Centre"/>
  <contact>
    <name value="The Australian e-Health Research Centre"/>
    <telecom>
      <system value="url"/>
      <value value="https://aehrc.com"/>
    </telecom>
    <telecom>
      <system value="email"/>
      <value value="ontoserver-support@csiro.au"/>
    </telecom>
  </contact>
  <description value="Codes used to describe the laterality of a body structure."/>
  <copyright value="[Australian Genomics](https://www.australiangenomics.org.au)"/>
  <compose>
    <include>
      <system value="http://snomed.info/sct"/>
      <concept>
        <code value="24028007"/>
        <display value="Right"/>
      </concept>
      <concept>
        <code value="7771000"/>
        <display value="Left"/>
      </concept>
      <concept>
        <code value="66459002"/>
        <display value="Unilateral"/>
      </concept>
      <concept>
        <code value="51440002"/>
        <display value="Right and left"/>
      </concept>
    </include>
  </compose>
</ValueSet>