<?xml version="1.0" encoding="UTF-8"?><ValueSet xmlns="http://hl7.org/fhir"><id value="ClinicalFindingTypeCodes"/><text><status value="generated"/><div xmlns="http://www.w3.org/1999/xhtml"><p>This value set includes codes based on the following rules:</p><ul><li>Include all codes defined in <a href="https://terminology.hl7.org/1.0.0//CodeSystem-observation-category.html"><code>http://terminology.hl7.org/CodeSystem/observation-category</code></a></li><li>Include all codes defined in <a href="CodeSystem-FindingType.html"><code>http://aehrc.github.io/genclipr-fhir-ig/CodeSystem/FindingType</code></a></li></ul></div></text><url value="http://aehrc.github.io/genclipr-fhir-ig/ValueSet/ClinicalFindingTypeCodes"/><version value="0.1.0"/><name value="ClinicalFindingTypeCodes"/><title value="Finding Type Value Set"/><status value="active"/><date value="2021-02-15T16:35:31+10:00"/><publisher value="The Australian e-Health Research Centre"/><contact><name value="The Australian e-Health Research Centre"/><telecom><system value="url"/><value value="https://aehrc.com"/></telecom><telecom><system value="email"/><value value="ontoserver-support@csiro.au"/></telecom></contact><description value="Finding types."/><copyright value="[Australian Genomics](https://www.australiangenomics.org.au)"/><compose><include><system value="http://terminology.hl7.org/CodeSystem/observation-category"/></include><include><system value="http://aehrc.github.io/genclipr-fhir-ig/CodeSystem/FindingType"/></include></compose></ValueSet>