<?xml version="1.0" encoding="UTF-8"?><ImplementationGuide xmlns="http://hl7.org/fhir"><id value="agha.fhir.genclipr"/><text><status value="extensions"/><div xmlns="http://www.w3.org/1999/xhtml"><h2>GenomicsClinicalPictureRepositoryIG</h2><p>The official URL for this implementation guide is: </p><pre>http://aehrc.github.io/genclipr-fhir-ig/ImplementationGuide/agha.fhir.genclipr</pre><div><p>FHIR implementation guide for the Genomics Clinical Picture Repository standard developed as part of the Standardised Clinical Phenotypes project in Australian Genomics.</p>
</div></div></text><url value="http://aehrc.github.io/genclipr-fhir-ig/ImplementationGuide/agha.fhir.genclipr"/><version value="0.1.0"/><name value="GenomicsClinicalPictureRepositoryIG"/><title value="Genomics Clinical Picture Repository Implementation Guide"/><status value="draft"/><date value="2021-05-06T22:49:05+00:00"/><publisher value="The Australian e-Health Research Centre"/><contact><name value="The Australian e-Health Research Centre"/><telecom><system value="url"/><value value="https://aehrc.com"/></telecom><telecom><system value="email"/><value value="ontoserver-support@csiro.au"/></telecom></contact><description value="FHIR implementation guide for the Genomics Clinical Picture Repository standard developed as part of the Standardised Clinical Phenotypes project in Australian Genomics."/><copyright value="[Australian Genomics](https://www.australiangenomics.org.au)"/><packageId value="agha.fhir.genclipr"/><license value="CC0-1.0"/><fhirVersion value="4.0.1"/><dependsOn id="hl7_fhir_uv_genomics_reporting"><uri value="http://hl7.org/fhir/uv/genomics-reporting/ImplementationGuide/hl7.fhir.uv.genomics-reporting"/><packageId value="hl7.fhir.uv.genomics-reporting"/><version value="1.0.0"/></dependsOn><definition><extension url="http://hl7.org/fhir/tools/StructureDefinition/ig-parameter"><extension url="code"><valueString value="copyrightyear"/></extension><extension url="value"><valueString value="2021+"/></extension></extension><extension url="http://hl7.org/fhir/tools/StructureDefinition/ig-parameter"><extension url="code"><valueString value="releaselabel"/></extension><extension url="value"><valueString value="ci-build"/></extension></extension><extension url="http://hl7.org/fhir/tools/StructureDefinition/ig-parameter"><extension url="code"><valueString value="path-liquid"/></extension><extension url="value"><valueString value="template/liquid"/></extension></extension><extension url="http://hl7.org/fhir/tools/StructureDefinition/ig-parameter"><extension url="code"><valueString value="path-liquid"/></extension><extension url="value"><valueString value="input/liquid"/></extension></extension><extension url="http://hl7.org/fhir/tools/StructureDefinition/ig-parameter"><extension url="code"><valueString value="path-qa"/></extension><extension url="value"><valueString value="temp/qa"/></extension></extension><extension url="http://hl7.org/fhir/tools/StructureDefinition/ig-parameter"><extension url="code"><valueString value="path-temp"/></extension><extension url="value"><valueString value="temp/pages"/></extension></extension><extension url="http://hl7.org/fhir/tools/StructureDefinition/ig-parameter"><extension url="code"><valueString value="path-output"/></extension><extension url="value"><valueString value="output"/></extension></extension><extension url="http://hl7.org/fhir/tools/StructureDefinition/ig-parameter"><extension url="code"><valueString value="path-suppressed-warnings"/></extension><extension url="value"><valueString value="input/ignoreWarnings.txt"/></extension></extension><extension url="http://hl7.org/fhir/tools/StructureDefinition/ig-parameter"><extension url="code"><valueString value="path-history"/></extension><extension url="value"><valueString value="http://aehrc.github.io/genclipr-fhir-ig/history.html"/></extension></extension><extension url="http://hl7.org/fhir/tools/StructureDefinition/ig-parameter"><extension url="code"><valueString value="template-html"/></extension><extension url="value"><valueString value="template-page.html"/></extension></extension><extension url="http://hl7.org/fhir/tools/StructureDefinition/ig-parameter"><extension url="code"><valueString value="template-md"/></extension><extension url="value"><valueString value="template-page-md.html"/></extension></extension><extension url="http://hl7.org/fhir/tools/StructureDefinition/ig-parameter"><extension url="code"><valueString value="apply-contact"/></extension><extension url="value"><valueString value="true"/></extension></extension><extension url="http://hl7.org/fhir/tools/StructureDefinition/ig-parameter"><extension url="code"><valueString value="apply-context"/></extension><extension url="value"><valueString value="true"/></extension></extension><extension url="http://hl7.org/fhir/tools/StructureDefinition/ig-parameter"><extension url="code"><valueString value="apply-copyright"/></extension><extension url="value"><valueString value="true"/></extension></extension><extension url="http://hl7.org/fhir/tools/StructureDefinition/ig-parameter"><extension url="code"><valueString value="apply-jurisdiction"/></extension><extension url="value"><valueString value="true"/></extension></extension><extension url="http://hl7.org/fhir/tools/StructureDefinition/ig-parameter"><extension url="code"><valueString value="apply-license"/></extension><extension url="value"><valueString value="true"/></extension></extension><extension url="http://hl7.org/fhir/tools/StructureDefinition/ig-parameter"><extension url="code"><valueString value="apply-publisher"/></extension><extension url="value"><valueString value="true"/></extension></extension><extension url="http://hl7.org/fhir/tools/StructureDefinition/ig-parameter"><extension url="code"><valueString value="apply-version"/></extension><extension url="value"><valueString value="true"/></extension></extension><extension url="http://hl7.org/fhir/tools/StructureDefinition/ig-parameter"><extension url="code"><valueString value="active-tables"/></extension><extension url="value"><valueString value="true"/></extension></extension><grouping id="_str_profile"><name value="Structures: Resource Profiles"/><description value="These define constraints on FHIR resources for systems conforming to this implementation guide"/></grouping><grouping id="_str_extension"><name value="Structures: Extension Definitions"/><description value="These define constraints on FHIR data types for systems conforming to this implementation guide"/></grouping><grouping id="_term_valueset"><name value="Terminology: Value Sets"/><description value="These define sets of codes used by systems conforming to this implementation guide"/></grouping><grouping id="_term_codesystem"><name value="Terminology: Code Systems"/><description value="These define new code systems used by systems conforming to this implementation guide"/></grouping><resource><extension url="http://hl7.org/fhir/StructureDefinition/implementationguide-page"><valueUri value="StructureDefinition-BiologicalSex.html"/></extension><reference><reference value="StructureDefinition/BiologicalSex"/></reference><name value="Biological Sex"/><description value="An observation that represents the biological sex of a patient."/><exampleBoolean value="false"/><groupingId value="_str_profile"/></resource><resource><extension url="http://hl7.org/fhir/StructureDefinition/implementationguide-page"><valueUri value="StructureDefinition-DeidentifiedPatient.html"/></extension><reference><reference value="StructureDefinition/DeidentifiedPatient"/></reference><name value="Deidentified Patient"/><description value="A deidentified patient whose clinical picture is being stored in the repository."/><exampleBoolean value="false"/><groupingId value="_str_profile"/></resource><resource><extension url="http://hl7.org/fhir/StructureDefinition/implementationguide-page"><valueUri value="StructureDefinition-ExaminationFinding.html"/></extension><reference><reference value="StructureDefinition/ExaminationFinding"/></reference><name value="Examination Finding"/><description value="An observation made by a clinician or patient that can be normal or abnormal."/><exampleBoolean value="false"/><groupingId value="_str_profile"/></resource><resource><extension url="http://hl7.org/fhir/StructureDefinition/implementationguide-page"><valueUri value="StructureDefinition-Finding.html"/></extension><reference><reference value="StructureDefinition/Finding"/></reference><name value="Finding"/><description value="An observation about a patient that can be normal or abnormal and is expressed in a way that its action is reduced to a single concept (see pattern 3 in http://hl7.org/fhir/R4/observation.html#code-interop)."/><exampleBoolean value="false"/><groupingId value="_str_profile"/></resource><resource><extension url="http://hl7.org/fhir/StructureDefinition/implementationguide-page"><valueUri value="StructureDefinition-GencliprEncounter.html"/></extension><reference><reference value="StructureDefinition/GencliprEncounter"/></reference><name value="Genomics Clinical Picture Repository Encounter"/><description value="An encounter stored in the repository."/><exampleBoolean value="false"/><groupingId value="_str_profile"/></resource><resource><extension url="http://hl7.org/fhir/StructureDefinition/implementationguide-page"><valueUri value="StructureDefinition-GencliprResearchStudy.html"/></extension><reference><reference value="StructureDefinition/GencliprResearchStudy"/></reference><name value="Genomics Clinical Picture Repository Research Study"/><description value="Captures information about a research study and groups encounters that where generated as part of the study."/><exampleBoolean value="false"/><groupingId value="_str_profile"/></resource><resource><extension url="http://hl7.org/fhir/StructureDefinition/implementationguide-page"><valueUri value="StructureDefinition-GencliprResearchSubject.html"/></extension><reference><reference value="StructureDefinition/GencliprResearchSubject"/></reference><name value="Genomics Clinical Picture Repository Research Subject"/><description value="This resource represents a patient that is the subject of a research study."/><exampleBoolean value="false"/><groupingId value="_str_profile"/></resource><resource><extension url="http://hl7.org/fhir/StructureDefinition/implementationguide-page"><valueUri value="StructureDefinition-ImagingFinding.html"/></extension><reference><reference value="StructureDefinition/ImagingFinding"/></reference><name value="Imaging Finding"/><description value="An observation based on the result of an imaging study."/><exampleBoolean value="false"/><groupingId value="_str_profile"/></resource><resource><extension url="http://hl7.org/fhir/StructureDefinition/implementationguide-page"><valueUri value="StructureDefinition-LaboratoryFinding.html"/></extension><reference><reference value="StructureDefinition/LaboratoryFinding"/></reference><name value="Laboratory Finding"/><description value="An observation based on the result of a laboratory test."/><exampleBoolean value="false"/><groupingId value="_str_profile"/></resource><resource><extension url="http://hl7.org/fhir/StructureDefinition/implementationguide-page"><valueUri value="StructureDefinition-Sign.html"/></extension><reference><reference value="StructureDefinition/Sign"/></reference><name value="Sign"/><description value="A sign is a bodily feature of a patient observed by a clinician which is deemed to be of clinical relevance. It records a phenotype that is clinically abnormal."/><exampleBoolean value="false"/><groupingId value="_str_profile"/></resource><resource><extension url="http://hl7.org/fhir/StructureDefinition/implementationguide-page"><valueUri value="StructureDefinition-Symptom.html"/></extension><reference><reference value="StructureDefinition/Symptom"/></reference><name value="Symptom"/><description value="A symptom is an observation made by the patient and is hypothesized to be a realization of a disease."/><exampleBoolean value="false"/><groupingId value="_str_profile"/></resource><resource><extension url="http://hl7.org/fhir/StructureDefinition/implementationguide-page"><valueUri value="StructureDefinition-ResearchStudyReference.html"/></extension><reference><reference value="StructureDefinition/ResearchStudyReference"/></reference><name value="Research Study"/><description value="A research study associated with an encounter."/><exampleBoolean value="false"/><groupingId value="_str_extension"/></resource><resource><extension url="http://hl7.org/fhir/StructureDefinition/implementationguide-page"><valueUri value="ValueSet-AbnormalClinicalFindings.html"/></extension><reference><reference value="ValueSet/AbnormalClinicalFindings"/></reference><name value="Abnormal Clinical Findings Value Set"/><description value="Abnormal clinical findings."/><exampleBoolean value="false"/><groupingId value="_term_valueset"/></resource><resource><extension url="http://hl7.org/fhir/StructureDefinition/implementationguide-page"><valueUri value="ValueSet-BiologicalSexes.html"/></extension><reference><reference value="ValueSet/BiologicalSexes"/></reference><name value="Biological Sexes Value Set"/><description value="SNOMED CT concepts for biological sex."/><exampleBoolean value="false"/><groupingId value="_term_valueset"/></resource><resource><extension url="http://hl7.org/fhir/StructureDefinition/implementationguide-page"><valueUri value="ValueSet-BodySites.html"/></extension><reference><reference value="ValueSet/BodySites"/></reference><name value="Body Sites Value Set"/><description value="Body sites from SNOMED CT."/><exampleBoolean value="false"/><groupingId value="_term_valueset"/></resource><resource><extension url="http://hl7.org/fhir/StructureDefinition/implementationguide-page"><valueUri value="ValueSet-EncounterClasses.html"/></extension><reference><reference value="ValueSet/EncounterClasses"/></reference><name value="Encounter Class Value Set"/><description value="Classes of encounters captured in a genomics clinical picture FHIR repository."/><exampleBoolean value="false"/><groupingId value="_term_valueset"/></resource><resource><extension url="http://hl7.org/fhir/StructureDefinition/implementationguide-page"><valueUri value="ValueSet-EncounterTypes.html"/></extension><reference><reference value="ValueSet/EncounterTypes"/></reference><name value="Encounter Type Value Set"/><description value="Types of encounters captured in a genomics clinical picture FHIR repository."/><exampleBoolean value="false"/><groupingId value="_term_valueset"/></resource><resource><extension url="http://hl7.org/fhir/StructureDefinition/implementationguide-page"><valueUri value="ValueSet-Lateralities.html"/></extension><reference><reference value="ValueSet/Lateralities"/></reference><name value="Lateralities Value Set"/><description value="Codes used to describe the laterality of a body structure."/><exampleBoolean value="false"/><groupingId value="_term_valueset"/></resource><resource><extension url="http://hl7.org/fhir/StructureDefinition/implementationguide-page"><valueUri value="ValueSet-PresenceValues.html"/></extension><reference><reference value="ValueSet/PresenceValues"/></reference><name value="Presence Value Set"/><description value="Presence / absence values from SNOMED CT."/><exampleBoolean value="false"/><groupingId value="_term_valueset"/></resource><resource><extension url="http://hl7.org/fhir/StructureDefinition/implementationguide-page"><valueUri value="ValueSet-Severities.html"/></extension><reference><reference value="ValueSet/Severities"/></reference><name value="Severity Value Set"/><description value="Codes used to describe the severity of a finding."/><exampleBoolean value="false"/><groupingId value="_term_valueset"/></resource><resource><extension url="http://hl7.org/fhir/StructureDefinition/implementationguide-page"><valueUri value="ValueSet-TestInterpretationValues.html"/></extension><reference><reference value="ValueSet/TestInterpretationValues"/></reference><name value="Test Interpretation Value Set"/><description value="Test interpretation values from SNOMED CT."/><exampleBoolean value="false"/><groupingId value="_term_valueset"/></resource><resource><extension url="http://hl7.org/fhir/StructureDefinition/implementationguide-page"><valueUri value="CodeSystem-EncounterClass.html"/></extension><reference><reference value="CodeSystem/EncounterClass"/></reference><name value="Encounter Class"/><description value="Class of encounters captured in a genomics clinical picture FHIR repository."/><exampleBoolean value="false"/><groupingId value="_term_codesystem"/></resource><resource><extension url="http://hl7.org/fhir/StructureDefinition/implementationguide-page"><valueUri value="CodeSystem-EncounterType.html"/></extension><reference><reference value="CodeSystem/EncounterType"/></reference><name value="Encounter Type"/><description value="Type of encounters captured in a genomics clinical picture FHIR repository."/><exampleBoolean value="false"/><groupingId value="_term_codesystem"/></resource><resource><extension url="http://hl7.org/fhir/StructureDefinition/implementationguide-page"><valueUri value="CodeSystem-FindingType.html"/></extension><reference><reference value="CodeSystem/FindingType"/></reference><name value="Finding Type"/><description value="Extends the Observation Category codes to include additional categories."/><exampleBoolean value="false"/><groupingId value="_term_codesystem"/></resource><resource><extension url="http://hl7.org/fhir/StructureDefinition/implementationguide-page"><valueUri value="CodeSystem-IdentifierType.html"/></extension><reference><reference value="CodeSystem/IdentifierType"/></reference><name value="Identifier Type"/><description value="Types of identifiers used in a genomics clinical picture FHIR repository."/><exampleBoolean value="false"/><groupingId value="_term_codesystem"/></resource><resource><extension url="http://hl7.org/fhir/StructureDefinition/implementationguide-page"><valueUri value="CodeSystem-MitochondrialFindings.html"/></extension><reference><reference value="CodeSystem/MitochondrialFindings"/></reference><name value="Mitochondrial Findings"/><description value="Mitochondrial-related findings that are not in HPO or SNOMED CT."/><exampleBoolean value="false"/><groupingId value="_term_codesystem"/></resource><page><nameUrl value="toc.html"/><title value="Table of Contents"/><generation value="html"/><page><nameUrl value="index.html"/><title value="Home"/><generation value="markdown"/></page><page><nameUrl value="artifacts.html"/><title value="Artifacts Summary"/><generation value="html"/><page><nameUrl value="StructureDefinition-BiologicalSex.html"/><title value="Biological Sex"/><generation value="generated"/></page><page><nameUrl value="StructureDefinition-DeidentifiedPatient.html"/><title value="Deidentified Patient"/><generation value="generated"/></page><page><nameUrl value="StructureDefinition-ExaminationFinding.html"/><title value="Examination Finding"/><generation value="generated"/></page><page><nameUrl value="StructureDefinition-Finding.html"/><title value="Finding"/><generation value="generated"/></page><page><nameUrl value="StructureDefinition-GencliprEncounter.html"/><title value="Genomics Clinical Picture Repository Encounter"/><generation value="generated"/></page><page><nameUrl value="StructureDefinition-GencliprResearchStudy.html"/><title value="Genomics Clinical Picture Repository Research Study"/><generation value="generated"/></page><page><nameUrl value="StructureDefinition-GencliprResearchSubject.html"/><title value="Genomics Clinical Picture Repository Research Subject"/><generation value="generated"/></page><page><nameUrl value="StructureDefinition-ImagingFinding.html"/><title value="Imaging Finding"/><generation value="generated"/></page><page><nameUrl value="StructureDefinition-LaboratoryFinding.html"/><title value="Laboratory Finding"/><generation value="generated"/></page><page><nameUrl value="StructureDefinition-Sign.html"/><title value="Sign"/><generation value="generated"/></page><page><nameUrl value="StructureDefinition-Symptom.html"/><title value="Symptom"/><generation value="generated"/></page><page><nameUrl value="StructureDefinition-ResearchStudyReference.html"/><title value="Research Study"/><generation value="generated"/></page><page><nameUrl value="ValueSet-AbnormalClinicalFindings.html"/><title value="Abnormal Clinical Findings Value Set"/><generation value="generated"/></page><page><nameUrl value="ValueSet-BiologicalSexes.html"/><title value="Biological Sexes Value Set"/><generation value="generated"/></page><page><nameUrl value="ValueSet-BodySites.html"/><title value="Body Sites Value Set"/><generation value="generated"/></page><page><nameUrl value="ValueSet-EncounterClasses.html"/><title value="Encounter Class Value Set"/><generation value="generated"/></page><page><nameUrl value="ValueSet-EncounterTypes.html"/><title value="Encounter Type Value Set"/><generation value="generated"/></page><page><nameUrl value="ValueSet-Lateralities.html"/><title value="Lateralities Value Set"/><generation value="generated"/></page><page><nameUrl value="ValueSet-PresenceValues.html"/><title value="Presence Value Set"/><generation value="generated"/></page><page><nameUrl value="ValueSet-Severities.html"/><title value="Severity Value Set"/><generation value="generated"/></page><page><nameUrl value="ValueSet-TestInterpretationValues.html"/><title value="Test Interpretation Value Set"/><generation value="generated"/></page><page><nameUrl value="CodeSystem-EncounterClass.html"/><title value="Encounter Class"/><generation value="generated"/></page><page><nameUrl value="CodeSystem-EncounterType.html"/><title value="Encounter Type"/><generation value="generated"/></page><page><nameUrl value="CodeSystem-FindingType.html"/><title value="Finding Type"/><generation value="generated"/></page><page><nameUrl value="CodeSystem-IdentifierType.html"/><title value="Identifier Type"/><generation value="generated"/></page><page><nameUrl value="CodeSystem-MitochondrialFindings.html"/><title value="Mitochondrial Findings"/><generation value="generated"/></page></page></page><parameter><code value="path-resource"/><value value="input/capabilities"/></parameter><parameter><code value="path-resource"/><value value="input/examples"/></parameter><parameter><code value="path-resource"/><value value="input/extensions"/></parameter><parameter><code value="path-resource"/><value value="input/models"/></parameter><parameter><code value="path-resource"/><value value="input/operations"/></parameter><parameter><code value="path-resource"/><value value="input/profiles"/></parameter><parameter><code value="path-resource"/><value value="input/resources"/></parameter><parameter><code value="path-resource"/><value value="input/vocabulary"/></parameter><parameter><code value="path-resource"/><value value="input/maps"/></parameter><parameter><code value="path-resource"/><value value="input/testing"/></parameter><parameter><code value="path-resource"/><value value="input/history"/></parameter><parameter><code value="path-resource"/><value value="fsh-generated/resources"/></parameter><parameter><code value="path-pages"/><value value="template/config"/></parameter><parameter><code value="path-pages"/><value value="input/images"/></parameter><parameter><code value="path-tx-cache"/><value value="input-cache/txcache"/></parameter></definition></ImplementationGuide>