<?xml version="1.0" encoding="UTF-8"?><ValueSet xmlns="http://hl7.org/fhir"><id value="EncounterTypes"/><text><status value="generated"/><div xmlns="http://www.w3.org/1999/xhtml"><p>This value set includes codes based on the following rules:</p><ul><li>Include all codes defined in <a href="CodeSystem-EncounterType.html"><code>http://aehrc.github.io/genclipr-fhir-ig/CodeSystem/EncounterType</code></a></li><li>Import all the codes that are contained in <a href="http://hl7.org/fhir/R4/valueset-encounter-type.html">http://hl7.org/fhir/ValueSet/encounter-type</a></li></ul></div></text><url value="http://aehrc.github.io/genclipr-fhir-ig/ValueSet/EncounterTypes"/><version value="0.1.0"/><name value="EncounterTypes"/><title value="Encounter Type Value Set"/><status value="active"/><date value="2021-05-06T22:50:15+00:00"/><publisher value="The Australian e-Health Research Centre"/><contact><name value="The Australian e-Health Research Centre"/><telecom><system value="url"/><value value="https://aehrc.com"/></telecom><telecom><system value="email"/><value value="ontoserver-support@csiro.au"/></telecom></contact><description value="Types of encounters captured in a genomics clinical picture FHIR repository."/><copyright value="[Australian Genomics](https://www.australiangenomics.org.au)"/><compose><include><system value="http://aehrc.github.io/genclipr-fhir-ig/CodeSystem/EncounterType"/></include><include><valueSet value="http://hl7.org/fhir/ValueSet/encounter-type"/></include></compose></ValueSet>