<?xml version="1.0" encoding="UTF-8"?><ValueSet xmlns="http://hl7.org/fhir"><id value="IdentifierTypeCodes"/><text><status value="extensions"/><div xmlns="http://www.w3.org/1999/xhtml"><p>This value set includes codes based on the following rules:</p><ul><li>Include all codes defined in <a href="CodeSystem-IdentifierType.html"><code>http://aehrc.github.io/genclipr-fhir-ig/CodeSystem/IdentifierType</code></a></li><li>Include these codes as defined in <a href="http://terminology.hl7.org/2.1.0/CodeSystem-v2-0203.html"><code>http://terminology.hl7.org/CodeSystem/v2-0203</code></a><table class="none"><tr><td style="white-space:nowrap"><b>Code</b></td><td><b>Display</b></td><td><b>Definition</b></td></tr><tr><td><a href="http://terminology.hl7.org/2.1.0/CodeSystem-v2-0203.html#v2-0203-PI">PI</a></td><td>Patient internal identifier</td><td>A number that is unique to a patient within an Assigning Authority.</td></tr></table></li></ul></div></text><url value="http://aehrc.github.io/genclipr-fhir-ig/ValueSet/IdentifierTypeCodes"/><version value="0.1.0"/><name value="IdentifierTypeCodes"/><title value="Identifier Types Value Set"/><status value="active"/><date value="2021-04-29T06:12:27+00:00"/><publisher value="The Australian e-Health Research Centre"/><contact><name value="The Australian e-Health Research Centre"/><telecom><system value="url"/><value value="https://aehrc.com"/></telecom><telecom><system value="email"/><value value="ontoserver-support@csiro.au"/></telecom></contact><description value="Identifier types used in this IG."/><copyright value="[Australian Genomics](https://www.australiangenomics.org.au)"/><compose><include><system value="http://aehrc.github.io/genclipr-fhir-ig/CodeSystem/IdentifierType"/></include><include><system value="http://terminology.hl7.org/CodeSystem/v2-0203"/><concept><code value="PI"/></concept></include></compose></ValueSet>