[
  {
    "id": "EncounterClass",
    "type": "CodeSystem",
    "url": "http://aehrc.github.io/genclipr-fhir-ig/CodeSystem/EncounterClass",
    "version": "0.1.0",
    "name": "EncounterClass"
  },
  {
    "id": "EncounterType",
    "type": "CodeSystem",
    "url": "http://aehrc.github.io/genclipr-fhir-ig/CodeSystem/EncounterType",
    "version": "0.1.0",
    "name": "EncounterType"
  },
  {
    "id": "FindingType",
    "type": "CodeSystem",
    "url": "http://aehrc.github.io/genclipr-fhir-ig/CodeSystem/FindingType",
    "version": "0.1.0",
    "name": "FindingType"
  },
  {
    "id": "IdentifierType",
    "type": "CodeSystem",
    "url": "http://aehrc.github.io/genclipr-fhir-ig/CodeSystem/IdentifierType",
    "version": "0.1.0",
    "name": "IdentifierType"
  },
  {
    "id": "MitochondrialFindings",
    "type": "CodeSystem",
    "url": "http://aehrc.github.io/genclipr-fhir-ig/CodeSystem/MitochondrialFindings",
    "version": "0.1.0",
    "name": "MitochondrialFindings"
  },
  {
    "id": "agha.fhir.genclipr",
    "type": "ImplementationGuide",
    "url": "http://aehrc.github.io/genclipr-fhir-ig/ImplementationGuide/agha.fhir.genclipr",
    "version": "0.1.0",
    "name": "GenomicsClinicalPictureRepositoryIG"
  },
  {
    "id": "BiologicalSex",
    "type": "StructureDefinition",
    "url": "http://aehrc.github.io/genclipr-fhir-ig/StructureDefinition/BiologicalSex",
    "version": "0.1.0",
    "name": "BiologicalSex"
  },
  {
    "id": "DeidentifiedPatient",
    "type": "StructureDefinition",
    "url": "http://aehrc.github.io/genclipr-fhir-ig/StructureDefinition/DeidentifiedPatient",
    "version": "0.1.0",
    "name": "DeidentifiedPatient"
  },
  {
    "id": "ExaminationFinding",
    "type": "StructureDefinition",
    "url": "http://aehrc.github.io/genclipr-fhir-ig/StructureDefinition/ExaminationFinding",
    "version": "0.1.0",
    "name": "ExaminationFinding"
  },
  {
    "id": "Finding",
    "type": "StructureDefinition",
    "url": "http://aehrc.github.io/genclipr-fhir-ig/StructureDefinition/Finding",
    "version": "0.1.0",
    "name": "Finding"
  },
  {
    "id": "GencliprEncounter",
    "type": "StructureDefinition",
    "url": "http://aehrc.github.io/genclipr-fhir-ig/StructureDefinition/GencliprEncounter",
    "version": "0.1.0",
    "name": "GencliprEncounter"
  },
  {
    "id": "GencliprResearchStudy",
    "type": "StructureDefinition",
    "url": "http://aehrc.github.io/genclipr-fhir-ig/StructureDefinition/GencliprResearchStudy",
    "version": "0.1.0",
    "name": "GencliprResearchStudy"
  },
  {
    "id": "GencliprResearchSubject",
    "type": "StructureDefinition",
    "url": "http://aehrc.github.io/genclipr-fhir-ig/StructureDefinition/GencliprResearchSubject",
    "version": "0.1.0",
    "name": "GencliprResearchSubject"
  },
  {
    "id": "ImagingFinding",
    "type": "StructureDefinition",
    "url": "http://aehrc.github.io/genclipr-fhir-ig/StructureDefinition/ImagingFinding",
    "version": "0.1.0",
    "name": "ImagingFinding"
  },
  {
    "id": "LaboratoryFinding",
    "type": "StructureDefinition",
    "url": "http://aehrc.github.io/genclipr-fhir-ig/StructureDefinition/LaboratoryFinding",
    "version": "0.1.0",
    "name": "LaboratoryFinding"
  },
  {
    "id": "ResearchStudyReference",
    "type": "StructureDefinition",
    "url": "http://aehrc.github.io/genclipr-fhir-ig/StructureDefinition/ResearchStudyReference",
    "version": "0.1.0",
    "name": "ResearchStudyReference"
  },
  {
    "id": "Sign",
    "type": "StructureDefinition",
    "url": "http://aehrc.github.io/genclipr-fhir-ig/StructureDefinition/Sign",
    "version": "0.1.0",
    "name": "Sign"
  },
  {
    "id": "Symptom",
    "type": "StructureDefinition",
    "url": "http://aehrc.github.io/genclipr-fhir-ig/StructureDefinition/Symptom",
    "version": "0.1.0",
    "name": "Symptom"
  },
  {
    "id": "AbnormalClinicalFindings",
    "type": "ValueSet",
    "url": "http://aehrc.github.io/genclipr-fhir-ig/ValueSet/AbnormalClinicalFindings",
    "version": "0.1.0",
    "name": "AbnormalClinicalFindings"
  },
  {
    "id": "BiologicalSexes",
    "type": "ValueSet",
    "url": "http://aehrc.github.io/genclipr-fhir-ig/ValueSet/BiologicalSexes",
    "version": "0.1.0",
    "name": "BiologicalSexes"
  },
  {
    "id": "EncounterClasses",
    "type": "ValueSet",
    "url": "http://aehrc.github.io/genclipr-fhir-ig/ValueSet/EncounterClasses",
    "version": "0.1.0",
    "name": "EncounterClasses"
  },
  {
    "id": "EncounterTypes",
    "type": "ValueSet",
    "url": "http://aehrc.github.io/genclipr-fhir-ig/ValueSet/EncounterTypes",
    "version": "0.1.0",
    "name": "EncounterTypes"
  },
  {
    "id": "Lateralities",
    "type": "ValueSet",
    "url": "http://aehrc.github.io/genclipr-fhir-ig/ValueSet/Lateralities",
    "version": "0.1.0",
    "name": "Lateralities"
  },
  {
    "id": "PresenceValues",
    "type": "ValueSet",
    "url": "http://aehrc.github.io/genclipr-fhir-ig/ValueSet/PresenceValues",
    "version": "0.1.0",
    "name": "PresenceValues"
  },
  {
    "id": "Severities",
    "type": "ValueSet",
    "url": "http://aehrc.github.io/genclipr-fhir-ig/ValueSet/Severities",
    "version": "0.1.0",
    "name": "Severities"
  },
  {
    "id": "TestInterpretationValues",
    "type": "ValueSet",
    "url": "http://aehrc.github.io/genclipr-fhir-ig/ValueSet/TestInterpretationValues",
    "version": "0.1.0",
    "name": "TestInterpretationValues"
  }
]