{
  "package": "agha.fhir.genclipr",
  "version": "0.1.0",
  "fhirVersion": "4.0.1",
  "extensions": [
    {
      "url": "http://aehrc.github.io/genclipr-fhir-ig/StructureDefinition/ResearchStudyReference",
      "title": "Research Study",
      "types": [
        "Reference"
      ]
    }
  ],
  "profiles": {
    "Observation": [
      {
        "url": "http://aehrc.github.io/genclipr-fhir-ig/StructureDefinition/ImagingFinding",
        "title": "Imaging Finding"
      },
      {
        "url": "http://aehrc.github.io/genclipr-fhir-ig/StructureDefinition/LaboratoryFinding",
        "title": "Laboratory Finding"
      },
      {
        "url": "http://aehrc.github.io/genclipr-fhir-ig/StructureDefinition/Sign",
        "title": "Sign"
      },
      {
        "url": "http://aehrc.github.io/genclipr-fhir-ig/StructureDefinition/Symptom",
        "title": "Symptom"
      }
    ],
    "Patient": [
      {
        "url": "http://aehrc.github.io/genclipr-fhir-ig/StructureDefinition/DeidentifiedPatient",
        "title": "Deidentified Patient"
      }
    ],
    "Encounter": [
      {
        "url": "http://aehrc.github.io/genclipr-fhir-ig/StructureDefinition/GencliprEncounter",
        "title": "Genomics Clinical Picture Repository Encounter"
      }
    ],
    "ResearchStudy": [
      {
        "url": "http://aehrc.github.io/genclipr-fhir-ig/StructureDefinition/GencliprResearchStudy",
        "title": "Genomics Clinical Picture Repository Research Study"
      }
    ],
    "ResearchSubject": [
      {
        "url": "http://aehrc.github.io/genclipr-fhir-ig/StructureDefinition/GencliprResearchSubject",
        "title": "Genomics Clinical Picture Repository Research Subject"
      }
    ]
  },
  "usage": {
    "http://aehrc.github.io/genclipr-fhir-ig/StructureDefinition/ResearchStudyReference": [
      "Encounter"
    ],
    "http://hl7.org/fhir/StructureDefinition/elementdefinition-bestpractice": [
      "StructureDefinition.snapshot.element.constraint"
    ],
    "http://hl7.org/fhir/StructureDefinition/elementdefinition-bestpractice-explanation": [
      "StructureDefinition.snapshot.element.constraint"
    ],
    "http://hl7.org/fhir/StructureDefinition/elementdefinition-bindingName": [
      "StructureDefinition.snapshot.element.binding"
    ],
    "http://hl7.org/fhir/StructureDefinition/elementdefinition-isCommonBinding": [
      "StructureDefinition.snapshot.element.binding"
    ],
    "http://hl7.org/fhir/StructureDefinition/elementdefinition-maxValueSet": [
      "StructureDefinition.snapshot.element.binding"
    ],
    "http://hl7.org/fhir/StructureDefinition/elementdefinition-translatable": [
      "StructureDefinition.snapshot.element"
    ],
    "http://hl7.org/fhir/StructureDefinition/structuredefinition-category": [
      "StructureDefinition"
    ],
    "http://hl7.org/fhir/StructureDefinition/structuredefinition-display-hint": [
      "StructureDefinition.snapshot.element"
    ],
    "http://hl7.org/fhir/StructureDefinition/structuredefinition-explicit-type-name": [
      "StructureDefinition.snapshot.element"
    ],
    "http://hl7.org/fhir/StructureDefinition/structuredefinition-fhir-type": [
      "StructureDefinition.snapshot.element.type"
    ],
    "http://hl7.org/fhir/StructureDefinition/structuredefinition-hierarchy": [
      "StructureDefinition.snapshot.element.type"
    ],
    "http://hl7.org/fhir/StructureDefinition/structuredefinition-security-category": [
      "StructureDefinition"
    ],
    "http://hl7.org/fhir/StructureDefinition/structuredefinition-standards-status": [
      "StructureDefinition.snapshot.element"
    ],
    "http://hl7.org/fhir/tools/StructureDefinition/ig-parameter": [
      "ImplementationGuide.definition"
    ],
    "http://hl7.org/fhir/tools/StructureDefinition/resource-information": [
      "ImplementationGuide.definition.resource"
    ]
  }
}