{
  "resourceType": "ValueSet",
  "id": "EncounterClasses",
  "text": {
    "status": "generated",
    "div": "<div xmlns=\"http://www.w3.org/1999/xhtml\"><p>This value set includes codes based on the following rules:</p><ul><li>Include all codes defined in <a href=\"CodeSystem-EncounterClass.html\"><code>http://aehrc.github.io/genclipr-fhir-ig/CodeSystem/EncounterClass</code></a></li><li>Import all the codes that are contained in <a href=\"http://terminology.hl7.org/3.1.0/ValueSet-v3-ActEncounterCode.html\">http://terminology.hl7.org/ValueSet/v3-ActEncounterCode</a></li></ul></div>"
  },
  "url": "http://aehrc.github.io/genclipr-fhir-ig/ValueSet/EncounterClasses",
  "version": "0.1.0",
  "name": "EncounterClasses",
  "title": "Encounter Class Value Set",
  "status": "active",
  "date": "2022-03-21T00:46:36+00:00",
  "publisher": "The Australian e-Health Research Centre",
  "contact": [
    {
      "name": "The Australian e-Health Research Centre",
      "telecom": [
        {
          "system": "url",
          "value": "https://aehrc.com"
        },
        {
          "system": "email",
          "value": "ontoserver-support@csiro.au"
        }
      ]
    }
  ],
  "description": "Classes of encounters captured in a genomics clinical picture FHIR repository.",
  "copyright": "[Australian Genomics](https://www.australiangenomics.org.au)",
  "compose": {
    "include": [
      {
        "system": "http://aehrc.github.io/genclipr-fhir-ig/CodeSystem/EncounterClass"
      },
      {
        "valueSet": [
          "http://terminology.hl7.org/ValueSet/v3-ActEncounterCode"
        ]
      }
    ]
  }
}