<?xml version="1.0" encoding="UTF-8"?>

<ValueSet xmlns="http://hl7.org/fhir">
  <id value="BiologicalSexCodes"/>
  <text>
    <status value="generated"/><div xmlns="http://www.w3.org/1999/xhtml"><ul><li>Include these codes as defined in <a href="http://www.snomed.org/"><code>http://snomed.info/sct</code></a><table class="none"><tr><td style="white-space:nowrap"><b>Code</b></td><td><b>Display</b></td></tr><tr><td><a href="http://browser.ihtsdotools.org/?perspective=full&amp;conceptId1=248152002">248152002</a></td><td>Female</td></tr><tr><td><a href="http://browser.ihtsdotools.org/?perspective=full&amp;conceptId1=248153007">248153007</a></td><td>Male</td></tr><tr><td><a href="http://browser.ihtsdotools.org/?perspective=full&amp;conceptId1=32570681000036106">32570681000036106</a></td><td>Indeterminate sex</td></tr><tr><td><a href="http://browser.ihtsdotools.org/?perspective=full&amp;conceptId1=32570691000036108">32570691000036108</a></td><td>Intersex</td></tr><tr><td><a href="http://browser.ihtsdotools.org/?perspective=full&amp;conceptId1=407374003">407374003</a></td><td>Transsexual</td></tr></table></li></ul></div>
  </text>
  <url value="http://aehrc.github.io/genclipr-fhir-ig/ValueSet/BiologicalSexCodes"/>
  <version value="0.1.0"/>
  <name value="BiologicalSexCodes"/>
  <title value="Biological Sex Value Set"/>
  <status value="active"/>
  <date value="2021-04-09T13:48:22+10:00"/>
  <publisher value="The Australian e-Health Research Centre"/>
  <contact>
    <name value="The Australian e-Health Research Centre"/>
    <telecom>
      <system value="url"/>
      <value value="https://aehrc.com"/>
    </telecom>
    <telecom>
      <system value="email"/>
      <value value="ontoserver-support@csiro.au"/>
    </telecom>
  </contact>
  <description value="SNOMED CT concepts for biological sex."/>
  <copyright value="[Australian Genomics](https://www.australiangenomics.org.au)"/>
  <compose>
    <include>
      <system value="http://snomed.info/sct"/>
      <concept>
        <code value="248152002"/>
        <display value="Female"/>
      </concept>
      <concept>
        <code value="248153007"/>
        <display value="Male"/>
      </concept>
      <concept>
        <code value="32570681000036106"/>
        <display value="Indeterminate sex"/>
      </concept>
      <concept>
        <code value="32570691000036108"/>
        <display value="Intersex"/>
      </concept>
      <concept>
        <code value="407374003"/>
        <display value="Transsexual"/>
      </concept>
    </include>
  </compose>
</ValueSet>