{"resourceType":"ImplementationGuide","id":"agha.fhir.genclipr","text":{"status":"extensions","div":"<div xmlns=\"http://www.w3.org/1999/xhtml\"><h2>GenomicsClinicalPictureRepositoryIG</h2><p>The official URL for this implementation guide is: </p><pre>http://aehrc.github.io/genclipr-fhir-ig/ImplementationGuide/agha.fhir.genclipr</pre><div><p>FHIR implementation guide for the Genomics Clinical Picture Repository standard developed as part of the Standardised Clinical Phenotypes project in Australian Genomics.</p>\n</div></div>"},"url":"http://aehrc.github.io/genclipr-fhir-ig/ImplementationGuide/agha.fhir.genclipr","version":"0.1.0","name":"GenomicsClinicalPictureRepositoryIG","title":"Genomics Clinical Picture Repository Implementation Guide","status":"draft","date":"2021-04-09T16:31:20+10:00","publisher":"The Australian e-Health Research Centre","contact":[{"name":"The Australian e-Health Research Centre","telecom":[{"system":"url","value":"https://aehrc.com"},{"system":"email","value":"ontoserver-support@csiro.au"}]}],"description":"FHIR implementation guide for the Genomics Clinical Picture Repository standard developed as part of the Standardised Clinical Phenotypes project in Australian Genomics.","copyright":"[Australian Genomics](https://www.australiangenomics.org.au)","packageId":"agha.fhir.genclipr","license":"CC0-1.0","fhirVersion":["4.0.1"],"dependsOn":[{"id":"hl7_fhir_uv_genomics_reporting","uri":"http://hl7.org/fhir/uv/genomics-reporting/ImplementationGuide/hl7.fhir.uv.genomics-reporting","packageId":"hl7.fhir.uv.genomics-reporting","version":"1.0.0"}],"definition":{"extension":[{"extension":[{"url":"code","valueString":"copyrightyear"},{"url":"value","valueString":"2021+"}],"url":"http://hl7.org/fhir/tools/StructureDefinition/ig-parameter"},{"extension":[{"url":"code","valueString":"releaselabel"},{"url":"value","valueString":"ci-build"}],"url":"http://hl7.org/fhir/tools/StructureDefinition/ig-parameter"},{"extension":[{"url":"code","valueString":"path-liquid"},{"url":"value","valueString":"template/liquid"}],"url":"http://hl7.org/fhir/tools/StructureDefinition/ig-parameter"},{"extension":[{"url":"code","valueString":"path-liquid"},{"url":"value","valueString":"input/liquid"}],"url":"http://hl7.org/fhir/tools/StructureDefinition/ig-parameter"},{"extension":[{"url":"code","valueString":"path-qa"},{"url":"value","valueString":"temp/qa"}],"url":"http://hl7.org/fhir/tools/StructureDefinition/ig-parameter"},{"extension":[{"url":"code","valueString":"path-temp"},{"url":"value","valueString":"temp/pages"}],"url":"http://hl7.org/fhir/tools/StructureDefinition/ig-parameter"},{"extension":[{"url":"code","valueString":"path-output"},{"url":"value","valueString":"output"}],"url":"http://hl7.org/fhir/tools/StructureDefinition/ig-parameter"},{"extension":[{"url":"code","valueString":"path-suppressed-warnings"},{"url":"value","valueString":"input/ignoreWarnings.txt"}],"url":"http://hl7.org/fhir/tools/StructureDefinition/ig-parameter"},{"extension":[{"url":"code","valueString":"path-history"},{"url":"value","valueString":"http://aehrc.github.io/genclipr-fhir-ig/history.html"}],"url":"http://hl7.org/fhir/tools/StructureDefinition/ig-parameter"},{"extension":[{"url":"code","valueString":"template-html"},{"url":"value","valueString":"template-page.html"}],"url":"http://hl7.org/fhir/tools/StructureDefinition/ig-parameter"},{"extension":[{"url":"code","valueString":"template-md"},{"url":"value","valueString":"template-page-md.html"}],"url":"http://hl7.org/fhir/tools/StructureDefinition/ig-parameter"},{"extension":[{"url":"code","valueString":"apply-contact"},{"url":"value","valueString":"true"}],"url":"http://hl7.org/fhir/tools/StructureDefinition/ig-parameter"},{"extension":[{"url":"code","valueString":"apply-context"},{"url":"value","valueString":"true"}],"url":"http://hl7.org/fhir/tools/StructureDefinition/ig-parameter"},{"extension":[{"url":"code","valueString":"apply-copyright"},{"url":"value","valueString":"true"}],"url":"http://hl7.org/fhir/tools/StructureDefinition/ig-parameter"},{"extension":[{"url":"code","valueString":"apply-jurisdiction"},{"url":"value","valueString":"true"}],"url":"http://hl7.org/fhir/tools/StructureDefinition/ig-parameter"},{"extension":[{"url":"code","valueString":"apply-license"},{"url":"value","valueString":"true"}],"url":"http://hl7.org/fhir/tools/StructureDefinition/ig-parameter"},{"extension":[{"url":"code","valueString":"apply-publisher"},{"url":"value","valueString":"true"}],"url":"http://hl7.org/fhir/tools/StructureDefinition/ig-parameter"},{"extension":[{"url":"code","valueString":"apply-version"},{"url":"value","valueString":"true"}],"url":"http://hl7.org/fhir/tools/StructureDefinition/ig-parameter"},{"extension":[{"url":"code","valueString":"active-tables"},{"url":"value","valueString":"true"}],"url":"http://hl7.org/fhir/tools/StructureDefinition/ig-parameter"}],"grouping":[{"id":"_str_profile","name":"Structures: Resource Profiles","description":"These define constraints on FHIR resources for systems conforming to this implementation guide"},{"id":"_str_extension","name":"Structures: Extension Definitions","description":"These define constraints on FHIR data types for systems conforming to this implementation guide"},{"id":"_term_valueset","name":"Terminology: Value Sets","description":"These define sets of codes used by systems conforming to this implementation guide"},{"id":"_term_codesystem","name":"Terminology: Code Systems","description":"These define new code systems used by systems conforming to this implementation guide"}],"resource":[{"extension":[{"url":"http://hl7.org/fhir/StructureDefinition/implementationguide-page","valueUri":"StructureDefinition-BiologicalSex.html"}],"reference":{"reference":"StructureDefinition/BiologicalSex"},"name":"Biological Sex","description":"An observation that represents the biological sex of a patient.","exampleBoolean":false,"groupingId":"_str_profile"},{"extension":[{"url":"http://hl7.org/fhir/StructureDefinition/implementationguide-page","valueUri":"StructureDefinition-DeidentifiedPatient.html"}],"reference":{"reference":"StructureDefinition/DeidentifiedPatient"},"name":"Deidentified Patient","description":"A deidentified patient whose clinical picture is being stored in the repository.","exampleBoolean":false,"groupingId":"_str_profile"},{"extension":[{"url":"http://hl7.org/fhir/StructureDefinition/implementationguide-page","valueUri":"StructureDefinition-ExaminationFinding.html"}],"reference":{"reference":"StructureDefinition/ExaminationFinding"},"name":"Examination Finding","description":"An observation made by a clinician or patient that can be normal or abnormal.","exampleBoolean":false,"groupingId":"_str_profile"},{"extension":[{"url":"http://hl7.org/fhir/StructureDefinition/implementationguide-page","valueUri":"StructureDefinition-Finding.html"}],"reference":{"reference":"StructureDefinition/Finding"},"name":"Finding","description":"An observation about a patient that can be normal or abnormal and is expressed in a way that its action is reduced to a single concept (see pattern 3 in http://hl7.org/fhir/R4/observation.html#code-interop).","exampleBoolean":false,"groupingId":"_str_profile"},{"extension":[{"url":"http://hl7.org/fhir/StructureDefinition/implementationguide-page","valueUri":"StructureDefinition-GencliprEncounter.html"}],"reference":{"reference":"StructureDefinition/GencliprEncounter"},"name":"Genomics Clinical Picture Repository Encounter","description":"An encounter stored in the repository.","exampleBoolean":false,"groupingId":"_str_profile"},{"extension":[{"url":"http://hl7.org/fhir/StructureDefinition/implementationguide-page","valueUri":"StructureDefinition-GencliprResearchStudy.html"}],"reference":{"reference":"StructureDefinition/GencliprResearchStudy"},"name":"Genomics Clinical Picture Repository Research Study","description":"Captures information about a research study and groups encounters that where generated as part of the study.","exampleBoolean":false,"groupingId":"_str_profile"},{"extension":[{"url":"http://hl7.org/fhir/StructureDefinition/implementationguide-page","valueUri":"StructureDefinition-GencliprResearchSubject.html"}],"reference":{"reference":"StructureDefinition/GencliprResearchSubject"},"name":"Genomics Clinical Picture Repository Research Subject","description":"This resource represents a patient that is the subject of a research study.","exampleBoolean":false,"groupingId":"_str_profile"},{"extension":[{"url":"http://hl7.org/fhir/StructureDefinition/implementationguide-page","valueUri":"StructureDefinition-LaboratoryFinding.html"}],"reference":{"reference":"StructureDefinition/LaboratoryFinding"},"name":"Laboratory Finding","description":"An observation based on the result of a laboratory test.","exampleBoolean":false,"groupingId":"_str_profile"},{"extension":[{"url":"http://hl7.org/fhir/StructureDefinition/implementationguide-page","valueUri":"StructureDefinition-Sign.html"}],"reference":{"reference":"StructureDefinition/Sign"},"name":"Sign","description":"A sign is a bodily feature of a patient observed by a clinician which is deemed to be of clinical relevance. It records a phenotype that is clinically abnormal.","exampleBoolean":false,"groupingId":"_str_profile"},{"extension":[{"url":"http://hl7.org/fhir/StructureDefinition/implementationguide-page","valueUri":"StructureDefinition-Symptom.html"}],"reference":{"reference":"StructureDefinition/Symptom"},"name":"Symptom","description":"A symptom is an observation made by the patient and is hypothesized to be a realization of a disease.","exampleBoolean":false,"groupingId":"_str_profile"},{"extension":[{"url":"http://hl7.org/fhir/StructureDefinition/implementationguide-page","valueUri":"StructureDefinition-ResearchStudyReference.html"}],"reference":{"reference":"StructureDefinition/ResearchStudyReference"},"name":"Research Study","description":"A research study associated with an encounter.","exampleBoolean":false,"groupingId":"_str_extension"},{"extension":[{"url":"http://hl7.org/fhir/StructureDefinition/implementationguide-page","valueUri":"ValueSet-AbnormalClinicalFindingCodes.html"}],"reference":{"reference":"ValueSet/AbnormalClinicalFindingCodes"},"name":"Abnormal Clinical Findings Value Set","description":"Abnormal clinical findings from SNOMED CT and HPO.","exampleBoolean":false,"groupingId":"_term_valueset"},{"extension":[{"url":"http://hl7.org/fhir/StructureDefinition/implementationguide-page","valueUri":"ValueSet-BiologicalSexCodes.html"}],"reference":{"reference":"ValueSet/BiologicalSexCodes"},"name":"Biological Sex Value Set","description":"SNOMED CT concepts for biological sex.","exampleBoolean":false,"groupingId":"_term_valueset"},{"extension":[{"url":"http://hl7.org/fhir/StructureDefinition/implementationguide-page","valueUri":"ValueSet-BodySiteCodes.html"}],"reference":{"reference":"ValueSet/BodySiteCodes"},"name":"Body Sites Value Set","description":"Body sites from SNOMED CT.","exampleBoolean":false,"groupingId":"_term_valueset"},{"extension":[{"url":"http://hl7.org/fhir/StructureDefinition/implementationguide-page","valueUri":"ValueSet-ClinicalFindingCodes.html"}],"reference":{"reference":"ValueSet/ClinicalFindingCodes"},"name":"Clinical Findings Value Set","description":"Clinical findings from SNOMED CT.","exampleBoolean":false,"groupingId":"_term_valueset"},{"extension":[{"url":"http://hl7.org/fhir/StructureDefinition/implementationguide-page","valueUri":"ValueSet-ClinicalFindingTypeCodes.html"}],"reference":{"reference":"ValueSet/ClinicalFindingTypeCodes"},"name":"Finding Type Value Set","description":"Finding types.","exampleBoolean":false,"groupingId":"_term_valueset"},{"extension":[{"url":"http://hl7.org/fhir/StructureDefinition/implementationguide-page","valueUri":"ValueSet-EncounterClassCodes.html"}],"reference":{"reference":"ValueSet/EncounterClassCodes"},"name":"Encounter Class Value Set","description":"Classes of encounters captured in a genomics clinical picture FHIR repository.","exampleBoolean":false,"groupingId":"_term_valueset"},{"extension":[{"url":"http://hl7.org/fhir/StructureDefinition/implementationguide-page","valueUri":"ValueSet-EncounterTypeCodes.html"}],"reference":{"reference":"ValueSet/EncounterTypeCodes"},"name":"Encounter Type Value Set","description":"Types of encounters captured in a genomics clinical picture FHIR repository.","exampleBoolean":false,"groupingId":"_term_valueset"},{"extension":[{"url":"http://hl7.org/fhir/StructureDefinition/implementationguide-page","valueUri":"ValueSet-IdentifierTypeCodes.html"}],"reference":{"reference":"ValueSet/IdentifierTypeCodes"},"name":"Identifier Types Value Set","description":"Identifier types used in this IG.","exampleBoolean":false,"groupingId":"_term_valueset"},{"extension":[{"url":"http://hl7.org/fhir/StructureDefinition/implementationguide-page","valueUri":"ValueSet-LateralityCodes.html"}],"reference":{"reference":"ValueSet/LateralityCodes"},"name":"Laterality Value Set","description":"Codes used to describe the laterality of a body structure.","exampleBoolean":false,"groupingId":"_term_valueset"},{"extension":[{"url":"http://hl7.org/fhir/StructureDefinition/implementationguide-page","valueUri":"ValueSet-PresenceCodes.html"}],"reference":{"reference":"ValueSet/PresenceCodes"},"name":"Presence Value Set","description":"Presence / absence values from SNOMED CT.","exampleBoolean":false,"groupingId":"_term_valueset"},{"extension":[{"url":"http://hl7.org/fhir/StructureDefinition/implementationguide-page","valueUri":"ValueSet-SeverityCodes.html"}],"reference":{"reference":"ValueSet/SeverityCodes"},"name":"Severity Value Set","description":"Codes used to describe the severity of a finding.","exampleBoolean":false,"groupingId":"_term_valueset"},{"extension":[{"url":"http://hl7.org/fhir/StructureDefinition/implementationguide-page","valueUri":"CodeSystem-EncounterClass.html"}],"reference":{"reference":"CodeSystem/EncounterClass"},"name":"Encounter Class","description":"Class of encounters captured in a genomics clinical picture FHIR repository.","exampleBoolean":false,"groupingId":"_term_codesystem"},{"extension":[{"url":"http://hl7.org/fhir/StructureDefinition/implementationguide-page","valueUri":"CodeSystem-EncounterType.html"}],"reference":{"reference":"CodeSystem/EncounterType"},"name":"Encounter Type","description":"Type of encounters captured in a genomics clinical picture FHIR repository.","exampleBoolean":false,"groupingId":"_term_codesystem"},{"extension":[{"url":"http://hl7.org/fhir/StructureDefinition/implementationguide-page","valueUri":"CodeSystem-FindingType.html"}],"reference":{"reference":"CodeSystem/FindingType"},"name":"Finding Type","description":"Extends the Observation Category codes to include additional categories.","exampleBoolean":false,"groupingId":"_term_codesystem"},{"extension":[{"url":"http://hl7.org/fhir/StructureDefinition/implementationguide-page","valueUri":"CodeSystem-IdentifierType.html"}],"reference":{"reference":"CodeSystem/IdentifierType"},"name":"Identifier Type","description":"Types of identifiers used in a genomics clinical picture FHIR repository.","exampleBoolean":false,"groupingId":"_term_codesystem"}],"page":{"nameUrl":"toc.html","title":"Table of Contents","generation":"html","page":[{"nameUrl":"index.html","title":"Home","generation":"markdown"},{"nameUrl":"artifacts.html","title":"Artifacts Summary","generation":"html","page":[{"nameUrl":"StructureDefinition-BiologicalSex.html","title":"Biological Sex","generation":"generated"},{"nameUrl":"StructureDefinition-DeidentifiedPatient.html","title":"Deidentified Patient","generation":"generated"},{"nameUrl":"StructureDefinition-ExaminationFinding.html","title":"Examination Finding","generation":"generated"},{"nameUrl":"StructureDefinition-Finding.html","title":"Finding","generation":"generated"},{"nameUrl":"StructureDefinition-GencliprEncounter.html","title":"Genomics Clinical Picture Repository Encounter","generation":"generated"},{"nameUrl":"StructureDefinition-GencliprResearchStudy.html","title":"Genomics Clinical Picture Repository Research Study","generation":"generated"},{"nameUrl":"StructureDefinition-GencliprResearchSubject.html","title":"Genomics Clinical Picture Repository Research Subject","generation":"generated"},{"nameUrl":"StructureDefinition-LaboratoryFinding.html","title":"Laboratory Finding","generation":"generated"},{"nameUrl":"StructureDefinition-Sign.html","title":"Sign","generation":"generated"},{"nameUrl":"StructureDefinition-Symptom.html","title":"Symptom","generation":"generated"},{"nameUrl":"StructureDefinition-ResearchStudyReference.html","title":"Research Study","generation":"generated"},{"nameUrl":"ValueSet-AbnormalClinicalFindingCodes.html","title":"Abnormal Clinical Findings Value Set","generation":"generated"},{"nameUrl":"ValueSet-BiologicalSexCodes.html","title":"Biological Sex Value Set","generation":"generated"},{"nameUrl":"ValueSet-BodySiteCodes.html","title":"Body Sites Value Set","generation":"generated"},{"nameUrl":"ValueSet-ClinicalFindingCodes.html","title":"Clinical Findings Value Set","generation":"generated"},{"nameUrl":"ValueSet-ClinicalFindingTypeCodes.html","title":"Finding Type Value Set","generation":"generated"},{"nameUrl":"ValueSet-EncounterClassCodes.html","title":"Encounter Class Value Set","generation":"generated"},{"nameUrl":"ValueSet-EncounterTypeCodes.html","title":"Encounter Type Value Set","generation":"generated"},{"nameUrl":"ValueSet-IdentifierTypeCodes.html","title":"Identifier Types Value Set","generation":"generated"},{"nameUrl":"ValueSet-LateralityCodes.html","title":"Laterality Value Set","generation":"generated"},{"nameUrl":"ValueSet-PresenceCodes.html","title":"Presence Value Set","generation":"generated"},{"nameUrl":"ValueSet-SeverityCodes.html","title":"Severity Value Set","generation":"generated"},{"nameUrl":"CodeSystem-EncounterClass.html","title":"Encounter Class","generation":"generated"},{"nameUrl":"CodeSystem-EncounterType.html","title":"Encounter Type","generation":"generated"},{"nameUrl":"CodeSystem-FindingType.html","title":"Finding Type","generation":"generated"},{"nameUrl":"CodeSystem-IdentifierType.html","title":"Identifier Type","generation":"generated"}]}]},"parameter":[{"code":"path-resource","value":"input/capabilities"},{"code":"path-resource","value":"input/examples"},{"code":"path-resource","value":"input/extensions"},{"code":"path-resource","value":"input/models"},{"code":"path-resource","value":"input/operations"},{"code":"path-resource","value":"input/profiles"},{"code":"path-resource","value":"input/resources"},{"code":"path-resource","value":"input/vocabulary"},{"code":"path-resource","value":"input/maps"},{"code":"path-resource","value":"input/testing"},{"code":"path-resource","value":"input/history"},{"code":"path-resource","value":"fsh-generated/resources"},{"code":"path-pages","value":"template/config"},{"code":"path-pages","value":"input/images"},{"code":"path-tx-cache","value":"input-cache/txcache"}]}}