{"resourceType":"ValueSet","id":"TestInterpretationValues","text":{"status":"generated","div":"<div xmlns=\"http://www.w3.org/1999/xhtml\"><ul><li>Include these codes as defined in <a href=\"http://www.snomed.org/\"><code>http://snomed.info/sct</code></a><table class=\"none\"><tr><td style=\"white-space:nowrap\"><b>Code</b></td><td><b>Display</b></td></tr><tr><td><a href=\"http://snomed.info/id/62482003\">62482003</a></td><td>Low</td></tr><tr><td><a href=\"http://snomed.info/id/11896004\">11896004</a></td><td>Intermediate</td></tr><tr><td><a href=\"http://snomed.info/id/17621005\">17621005</a></td><td>Normal</td></tr><tr><td><a href=\"http://snomed.info/id/75540009\">75540009</a></td><td>High</td></tr></table></li></ul></div>"},"url":"http://aehrc.github.io/genclipr-fhir-ig/ValueSet/TestInterpretationValues","version":"0.1.0","name":"TestInterpretationValues","title":"Test Interpretation Value Set","status":"active","date":"2022-03-21T00:46:36+00:00","publisher":"The Australian e-Health Research Centre","contact":[{"name":"The Australian e-Health Research Centre","telecom":[{"system":"url","value":"https://aehrc.com"},{"system":"email","value":"ontoserver-support@csiro.au"}]}],"description":"Test interpretation values from SNOMED CT.","copyright":"[Australian Genomics](https://www.australiangenomics.org.au)","compose":{"include":[{"system":"http://snomed.info/sct","concept":[{"code":"62482003","display":"Low"},{"code":"11896004","display":"Intermediate"},{"code":"17621005","display":"Normal"},{"code":"75540009","display":"High"}]}]}}