{"resourceType":"ValueSet","id":"ClinicalFindingCodes","text":{"status":"generated","div":"<div xmlns=\"http://www.w3.org/1999/xhtml\"><ul><li>Include codes from <a href=\"http://www.snomed.org/\"><code>http://snomed.info/sct</code></a> where concept  descends from  404684003 (Clinical finding (finding))</li></ul></div>"},"url":"http://aehrc.github.io/genclipr-fhir-ig/ValueSet/ClinicalFindingCodes","version":"0.1.0","name":"ClinicalFindingCodes","title":"Clinical Findings Value Set","status":"active","date":"2021-04-29T06:11:02+00:00","publisher":"The Australian e-Health Research Centre","contact":[{"name":"The Australian e-Health Research Centre","telecom":[{"system":"url","value":"https://aehrc.com"},{"system":"email","value":"ontoserver-support@csiro.au"}]}],"description":"Clinical findings from SNOMED CT.","copyright":"[Australian Genomics](https://www.australiangenomics.org.au)","compose":{"include":[{"system":"http://snomed.info/sct","filter":[{"property":"concept","op":"descendent-of","value":"404684003"}]}]}}