{
  "resourceType": "ValueSet",
  "id": "PresenceCodes",
  "text": {
    "status": "generated",
    "div": "<div xmlns=\"http://www.w3.org/1999/xhtml\"><ul><li>Include these codes as defined in <a href=\"http://www.snomed.org/\"><code>http://snomed.info/sct</code></a><table class=\"none\"><tr><td style=\"white-space:nowrap\"><b>Code</b></td><td><b>Display</b></td></tr><tr><td><a href=\"http://browser.ihtsdotools.org/?perspective=full&amp;conceptId1=52101004\">52101004</a></td><td>Present</td></tr><tr><td><a href=\"http://browser.ihtsdotools.org/?perspective=full&amp;conceptId1=2667000\">2667000</a></td><td>Absent</td></tr><tr><td><a href=\"http://browser.ihtsdotools.org/?perspective=full&amp;conceptId1=385660001\">385660001</a></td><td>Not done</td></tr><tr><td><a href=\"http://browser.ihtsdotools.org/?perspective=full&amp;conceptId1=373068000\">373068000</a></td><td>Undetermined</td></tr></table></li></ul></div>"
  },
  "url": "http://aehrc.github.io/genclipr-fhir-ig/ValueSet/PresenceCodes",
  "version": "0.1.0",
  "name": "PresenceCodes",
  "title": "Presence Value Set",
  "status": "active",
  "date": "2021-04-09T13:48:22+10:00",
  "publisher": "The Australian e-Health Research Centre",
  "contact": [
    {
      "name": "The Australian e-Health Research Centre",
      "telecom": [
        {
          "system": "url",
          "value": "https://aehrc.com"
        },
        {
          "system": "email",
          "value": "ontoserver-support@csiro.au"
        }
      ]
    }
  ],
  "description": "Presence / absence values from SNOMED CT.",
  "copyright": "[Australian Genomics](https://www.australiangenomics.org.au)",
  "compose": {
    "include": [
      {
        "system": "http://snomed.info/sct",
        "concept": [
          {
            "code": "52101004",
            "display": "Present"
          },
          {
            "code": "2667000",
            "display": "Absent"
          },
          {
            "code": "385660001",
            "display": "Not done"
          },
          {
            "code": "373068000",
            "display": "Undetermined"
          }
        ]
      }
    ]
  }
}